"business_status","formatted_address","icon","icon_background_color","icon_mask_base_uri","name","photos","place_id","rating","reference","types","user_ratings_total","price_level","permanently_closed","geometry.location.lat","geometry.location.lng","geometry.viewport.northeast.lat","geometry.viewport.northeast.lng","geometry.viewport.southwest.lat","geometry.viewport.southwest.lng","opening_hours.open_now","plus_code.compound_code","plus_code.global_code"
"OPERATIONAL","95 Exhibition Street, 80 Collins Precinct, Melbourne VIC 3000, Australia","https://maps.gstatic.com/mapfiles/place_api/icons/v1/png_71/restaurant-71.png","#FF9E67","https://maps.gstatic.com/mapfiles/place_api/icons/v2/restaurant_pinlet","Farmer's Daughters","list(height = 844, html_attributions = list(\"<a href=\\"https://maps.google.com/maps/contrib/103624314337999616444\\">Aaron</a>\"), photo_reference = \"ATJ83zgN9kBSZWrJLdpwepdIwHyFB0bgceRoKD6vc4dUGj6kKFZbyTr2_byf7bvTtzGyutEO-AZkgY3SHeTRajTUdq5E0pIcxNGfIwQBAdwbAutz5yvPrQHiS3PfwcyMKtM4HoKp7h94_n8ogRlUFWvPumdY_LOdLMHYIGXlpfWdW5W7Cmc6\", width = 1125)","ChIJbVfLiJdD1moRk7I8Ws1zp7w",4.6,"ChIJbVfLiJdD1moRk7I8Ws1zp7w","c(\"restaurant\", \"bar\", \"food\", \"store\", \"point_of_interest\", \"establishment\")",1010,NA,NA,-37.8135661,144.9710402,-37.8121980701073,144.972452929893,-37.8148977298927,144.969753270107,TRUE,"5XPC+HC Melbourne, Victoria","4RJ65XPC+HC"
"OPERATIONAL","71 Hardware Ln, Melbourne VIC 3000, Australia","https://maps.gstatic.com/mapfiles/place_api/icons/v1/png_71/restaurant-71.png","#FF9E67","https://maps.gstatic.com/mapfiles/place_api/icons/v2/restaurant_pinlet","The Mill Restaurant - Melbourne CBD Restaurant & Bar","list(height = 3024, html_attributions = list(\"<a href=\\"https://maps.google.com/maps/contrib/117080834126776822010\\">Muffy</a>\"), photo_reference = \"ATJ83zj7JFQ36w2yxsKdR1Ec7XipNOa8tZ-SgAkc14N4PAm_CK5uRYxgc14uquy67H7IF-kX88VVAvQPWr6wU2VTtRwoxcX8m2H2bV8SEdnalkK3D9ykXf5xgLAreDZ8YPcCnTS7bWZv-rQvRo7T9BGe7Zps3_kO-OBlQ4FPCmUbuMZ-g4q6\", width = 4032)","ChIJeaP3ykpd1moRxSjfQX83Fk8",3.2,"ChIJeaP3ykpd1moRxSjfQX83Fk8","c(\"restaurant\", \"bar\", \"food\", \"point_of_interest\", \"establishment\")",319,2,NA,-37.8131408,144.960968,-37.8116056201073,144.962263729893,-37.8143052798927,144.959564070107,TRUE,"5XP6+P9 Melbourne, Victoria","4RJ65XP6+P9"
"OPERATIONAL","103 Lonsdale St, Melbourne VIC 3000, Australia","https://maps.gstatic.com/mapfiles/place_api/icons/v1/png_71/restaurant-71.png","#FF9E67","https://maps.gstatic.com/mapfiles/place_api/icons/v2/restaurant_pinlet","Bombabar","list(height = 1232, html_attributions = list(\"<a href=\\"https://maps.google.com/maps/contrib/108307710484222034615\\">Bomba Tapas Bar and Rooftop</a>\"), photo_reference = \"ATJ83zh--CFgdQhC4ofx-oHL0H-CAxfDB0Ovn9wh3C9s-k-iUv8tsdScS6JAmH0cw5rheqxIt61YrX8SUROcmCXkJwWcoz5KEP6ADF8a_BQQvTEnXcsNL9xGDv5r36CKsTNDzHebdpIEiYniUrlwF7WvMIukh9VAZY7O3j_ecYhu-IMvRpo2\", width = 1920)","ChIJ9yEuL8lC1moRpVtvu92LyWA",4.4,"ChIJ9yEuL8lC1moRpVtvu92LyWA","c(\"restaurant\", \"bar\", \"food\", \"point_of_interest\", \"establishment\")",1750,2,NA,-37.8104041,144.9691967,-37.8090111701073,144.970529129893,-37.8117108298927,144.967829470107,TRUE,"5XQ9+RM Melbourne, Victoria","4RJ65XQ9+RM"
"OPERATIONAL","17 Market Ln, Melbourne VIC 3000, Australia","https://maps.gstatic.com/mapfiles/place_api/icons/v1/png_71/restaurant-71.png","#FF9E67","https://maps.gstatic.com/mapfiles/place_api/icons/v2/restaurant_pinlet","Flower Drum Restaurant Melbourne","list(height = 778, html_attributions = list(\"<a href=\\"https://maps.google.com/maps/contrib/114247032184063224295\\">Mike Hiwaymann</a>\"), photo_reference = \"ATJ83zhLWr2LtHwRu-4RITm_El6e8Jw0qZDL1xhaP6PadrN_yb1sNKuzK9j3yo2dX6QfEIQ7UHSrlyRwL2bUqKgceSjzcP9f8fqiv8AhSFZbcQ4upxwNZMeqBZAKu75ra3PKbRWPaQOQSiSyPcGdCgH1Wjp1UTzdv-8h4BXNDWybQXXwI_PE\", width = 1264)","ChIJr1N1BMlC1moR6aJLe1nHgPQ",4.5,"ChIJr1N1BMlC1moR6aJLe1nHgPQ","c(\"restaurant\", \"food\", \"point_of_interest\", \"establishment\")",1124,4,NA,-37.8118772,144.9692458,-37.8105447201073,144.970628779893,-37.8132443798927,144.967929120107,TRUE,"5XQ9+6M Melbourne, Victoria","4RJ65XQ9+6M"
"CLOSED_TEMPORARILY","18 Punch Ln, Melbourne VIC 3000, Australia","https://maps.gstatic.com/mapfiles/place_api/icons/v1/png_71/restaurant-71.png","#FF9E67","https://maps.gstatic.com/mapfiles/place_api/icons/v2/restaurant_pinlet","Sunda Dining","list(height = 3024, html_attributions = list(\"<a href=\\"https://maps.google.com/maps/contrib/114304603526592334989\\">A Google User</a>\"), photo_reference = \"ATJ83zjwdGRw8J50uP6vVnZZ59drM4HP1yxl0q-EDaENpG3d4VU7L3HiZmde63A9T-JFWk6D4gi9oeLISQ5LKG3GJ60V47IlSsUfdC7dog9ZXGfPlnLplO6R6MDIpUhlbxOvZse5zIEZf2RAdtcJyWFfiUVTqJf48_UNr4NrpmjwfHqQlcjN\", width = 4032)","ChIJCUeXS89C1moRd-pK5oFaiDE",4.6,"ChIJCUeXS89C1moRd-pK5oFaiDE","c(\"restaurant\", \"food\", \"point_of_interest\", \"establishment\")",535,NA,TRUE,-37.8103547,144.9711635,-37.8090216201073,144.972405379893,-37.8117212798927,144.969705720107,NA,"5XQC+VF Melbourne, Victoria","4RJ65XQC+VF"
"OPERATIONAL","180 Flinders Ln, Melbourne VIC 3000, Australia","https://maps.gstatic.com/mapfiles/place_api/icons/v1/png_71/restaurant-71.png","#FF9E67","https://maps.gstatic.com/mapfiles/place_api/icons/v2/restaurant_pinlet","Supernormal","list(height = 853, html_attributions = list(\"<a href=\\"https://maps.google.com/maps/contrib/112232723682380326305\\">Supernormal</a>\"), photo_reference = \"ATJ83zhrfMfl98d6y5poMfyRfWKS5HgRvM9HSPIvqyG8QWuIoV0cRtFSe7y24iP-CY3EX4BmUL-GVCV6h32Z-sPE8iIFS71iCv3-vu8wsRlVhc0H6jMkcF-XrrwRLd1uBC2FSNcVDs_2EQ9yImI3WR8FPR6-8RWLn8e-GFVQL6BH1zS-9LhP\", width = 1280)","ChIJNVF8Q7ZC1moRarO5qwt4NOA",4.5,"ChIJNVF8Q7ZC1moRarO5qwt4NOA","c(\"restaurant\", \"food\", \"point_of_interest\", \"establishment\")",3573,3,NA,-37.8159071,144.9683863,-37.8146515701073,144.969677929893,-37.8173512298927,144.966978270107,TRUE,"5XM9+J9 Melbourne, Victoria","4RJ65XM9+J9"
"OPERATIONAL","171 Bourke St, Melbourne VIC 3000, Australia","https://maps.gstatic.com/mapfiles/place_api/icons/v1/png_71/restaurant-71.png","#FF9E67","https://maps.gstatic.com/mapfiles/place_api/icons/v2/restaurant_pinlet","Thai Tide Restaurant | Melbourne CBD","list(height = 3024, html_attributions = list(\"<a href=\\"https://maps.google.com/maps/contrib/106435153097213489964\\">Thu Nguyen</a>\"), photo_reference = \"ATJ83ziedQJY4JBFTenaRM6wDTDa8mCeUXgI5-PZk5e8Ca7OQalGSKJylYzpLaNvJkpCFWs_6jOiQmbsH5mtAJLl2kJtZA6l_N25AHHEi3-SPOfbJtoiTv6FPUz5AC3aMtIr54SYy7VeG5ahlbM7lQ5jyAeY68CWl6kyWa3isWumPhmpq7uv\", width = 4032)","ChIJLWS2kQtD1moRwaUwL-jwBIs",4.1,"ChIJLWS2kQtD1moRwaUwL-jwBIs","c(\"bar\", \"restaurant\", \"food\", \"point_of_interest\", \"establishment\")",265,2,NA,-37.812931,144.968473,-37.8114797201073,144.969775679893,-37.8141793798927,144.967076020107,TRUE,"5XP9+R9 Melbourne, Victoria","4RJ65XP9+R9"
"OPERATIONAL","275-285 Exhibition St, Melbourne VIC 3000, Australia","https://maps.gstatic.com/mapfiles/place_api/icons/v1/png_71/restaurant-71.png","#FF9E67","https://maps.gstatic.com/mapfiles/place_api/icons/v2/restaurant_pinlet","Pepe's Italian & Liquor","list(height = 5657, html_attributions = list(\"<a href=\\"https://maps.google.com/maps/contrib/103699058238530935191\\">A Google User</a>\"), photo_reference = \"ATJ83zgHqbG_LNlhfUmLam0fV9LX8JyAUiqq5rHsXiUH8l_ABFH487Mf3Te2OeQwlBrORNSU4F4CWE81b5Pu5g5bhE-risaENOvXVqiYGSmVg-cI_3yjhKGn5ysY3HBePs2om-YNG3uSLfLpEPG9uAbycO2o6bvmuKy5wyw52sD4WOZkcDbl\", width = 8846)","ChIJi-1K17ND1moRZHS2QIzd3rg",4.2,"ChIJi-1K17ND1moRZHS2QIzd3rg","c(\"bar\", \"restaurant\", \"food\", \"point_of_interest\", \"establishment\")",2718,2,NA,-37.8093621,144.969009,-37.8079818201073,144.970463129893,-37.8106814798927,144.967763470107,TRUE,"5XR9+7J Melbourne, Victoria","4RJ65XR9+7J"
"OPERATIONAL","37 Little Bourke St, Melbourne VIC 3000, Australia","https://maps.gstatic.com/mapfiles/place_api/icons/v1/png_71/restaurant-71.png","#FF9E67","https://maps.gstatic.com/mapfiles/place_api/icons/v2/restaurant_pinlet","Daughter In Law","list(height = 4032, html_attributions = list(\"<a href=\\"https://maps.google.com/maps/contrib/117919753887703855892\\">Piggy Eatalot</a>\"), photo_reference = \"ATJ83zhQW5gdAQaEzGoUwAycNmvZQT6xu4b4xTthhzOx-7pr677Dqjphkz0uUo6FyI8CSY98ty2-4PceKhTObfc6nmWiBmzSgnqt8llV9O6ROKdsspgEo45RPChm_dKrwST3KmHFon4XCRLlqf69k2DZDHeKVkk27SFooSBUF2l6kFKBPpbM\", width = 3024)","ChIJkStQy5pD1moRc5wKwk5dwnY",4.1,"ChIJkStQy5pD1moRc5wKwk5dwnY","c(\"restaurant\", \"food\", \"point_of_interest\", \"establishment\")",1343,NA,NA,-37.810735,144.9715189,-37.8093721201073,144.972866529893,-37.8120717798927,144.970166870107,TRUE,"5XQC+PJ Melbourne, Victoria","4RJ65XQC+PJ"
"OPERATIONAL","122 Russell St, Melbourne VIC 3000, Australia","https://maps.gstatic.com/mapfiles/place_api/icons/v1/png_71/bar-71.png","#FF9E67","https://maps.gstatic.com/mapfiles/place_api/icons/v2/bar_pinlet","Embla","list(height = 3024, html_attributions = list(\"<a href=\\"https://maps.google.com/maps/contrib/117566200772166467853\\">David Rakena</a>\"), photo_reference = \"ATJ83zjU10nkFGYTT7XGS9jIks7dRM15j1QL78DOm6plrzISGZjz24nPx-0VOtknxdpM4gE7xGjWYNPHuvGv53_Eh30wAdK3i8xUQojl40GPbZKAVSIPQce5KQdF9LiSm7v-JYk21aj4gkfnxG8EmEUI0gWHwfSZotBq6B-Zw3hHIRA6Ys2M\", width = 4032)","ChIJZ9bEx8lC1moR7ahmGWF-7Pk",4.6,"ChIJZ9bEx8lC1moR7ahmGWF-7Pk","c(\"bar\", \"restaurant\", \"food\", \"point_of_interest\", \"establishment\")",965,2,NA,-37.813394,144.9686092,-37.8121010201073,144.969894129893,-37.8148006798927,144.967194470107,TRUE,"5XP9+JC Melbourne, Victoria","4RJ65XP9+JC"
"OPERATIONAL","142 Russell St, Melbourne VIC 3000, Australia","https://maps.gstatic.com/mapfiles/place_api/icons/v1/png_71/restaurant-71.png","#FF9E67","https://maps.gstatic.com/mapfiles/place_api/icons/v2/restaurant_pinlet","Taco Bill - Russell St","list(height = 3024, html_attributions = list(\"<a href=\\"https://maps.google.com/maps/contrib/103405840253894228254\\">Kenneth Ray Hendrix</a>\"), photo_reference = \"ATJ83zjhpDJOpy1I5nAD-T-XqqiuD1M26aSD2EIC7SUFnmfDbusXwoYIE42LRIwRvmykBDFABpjpapJWe7aPQANSfuRvfSRvKUXAcpRCSLx9qiKO5tNg1P4ogLh-1lPbvfFXzGWbW6BHUm7gtTMXLh3GGOLD7o561gNiAhT0iQo6ZDB4HWUG\", width = 4032)","ChIJ11L1vslC1moRY2bUl0toqJ4",4.2,"ChIJ11L1vslC1moRY2bUl0toqJ4","c(\"bar\", \"restaurant\", \"food\", \"point_of_interest\", \"establishment\")",722,2,NA,-37.8130233,144.9683892,-37.8116806201073,144.969676529893,-37.8143802798927,144.966976870107,TRUE,"5XP9+Q9 Melbourne, Victoria","4RJ65XP9+Q9"
"OPERATIONAL","Exchange Tower, 530 Little Collins St, Melbourne VIC 3000, Australia","https://maps.gstatic.com/mapfiles/place_api/icons/v1/png_71/restaurant-71.png","#FF9E67","https://maps.gstatic.com/mapfiles/place_api/icons/v2/restaurant_pinlet","Ratee Thai","list(height = 2448, html_attributions = list(\"<a href=\\"https://maps.google.com/maps/contrib/108431756630480359509\\">Anthony Tam</a>\"), photo_reference = \"ATJ83zg0DWMneuLNussChFxl1Wc2D8yXrl2VPGpslW81vVeDv8HJRD4VLzYkyJOmT4mIq_ttUFNHeueqRlrV0cJpst9WkjjpDyKzdNUz4hmMd89-TIvxPHVgjHa0uoIOIoFXRCdb8DmhVm5eDrmDmQqfyYJ78p90sGlaJJTkcMuajn8uQL6n\", width = 3264)","ChIJie80ILRC1moR0BEKc9YQLWs",4.6,"ChIJie80ILRC1moR0BEKc9YQLWs","c(\"restaurant\", \"food\", \"point_of_interest\", \"establishment\")",178,1,NA,-37.8168746,144.9570946,-37.8156258701073,144.958473229893,-37.8183255298927,144.955773570107,FALSE,"5XM4+7R Melbourne, Victoria","4RJ65XM4+7R"
"OPERATIONAL","279 La Trobe St, Melbourne VIC 3000, Australia","https://maps.gstatic.com/mapfiles/place_api/icons/v1/png_71/restaurant-71.png","#FF9E67","https://maps.gstatic.com/mapfiles/place_api/icons/v2/restaurant_pinlet","David's Hotpot","list(height = 1080, html_attributions = list(\"<a href=\\"https://maps.google.com/maps/contrib/101806553358918929198\\">A Google User</a>\"), photo_reference = \"ATJ83zjx0yhFmDe8A3Sx_i5QW-6jiUilZGfATmBqGCvDAwt0mjWiRGr6INYsotAhX3Q-sH4CbN32xAHJ09hgzkzELSGsXOiV_Q0zngBm548xc6mvqXCFBq0S4_XfqIYzuJeWMctBx2Pd5irMoPBtNauWYpjP2_eP83C5AfZJbbzmYg0E071w\", width = 1920)","ChIJlwCLNTVd1moR9cBpIXkDe4M",4.8,"ChIJlwCLNTVd1moR9cBpIXkDe4M","c(\"bar\", \"restaurant\", \"food\", \"point_of_interest\", \"establishment\")",5677,3,NA,-37.8106739,144.960936,-37.8092239201073,144.962218179893,-37.8119235798927,144.959518520107,TRUE,"5XQ6+P9 Melbourne, Victoria","4RJ65XQ6+P9"
"OPERATIONAL","55 Rialto Towers, 525 Collins St, Melbourne VIC 3000, Australia","https://maps.gstatic.com/mapfiles/place_api/icons/v1/png_71/restaurant-71.png","#FF9E67","https://maps.gstatic.com/mapfiles/place_api/icons/v2/restaurant_pinlet","Vue de monde","list(height = 1078, html_attributions = list(\"<a href=\\"https://maps.google.com/maps/contrib/110409553033946614711\\">Huong Dang</a>\"), photo_reference = \"ATJ83zjWn9hm3Rha3cPur8sglxZYxh-0Np7RV3Ghfy7RZV1Pw5qH1hoJTrbY_74VeH4kvor84YjgYEWaaLTM771-4GOQIfp-10pTj96TA6DwXrySuJMkdLJV-lqHx5PXWbG5w-I5R0kkz3qH6TEdeTrPmUnvgXmXwrUYKN0f7Gt5ZNKETx9T\", width = 1440)","ChIJ4_Vc6dZC1moRlwIXnmb2SgA",4.6,"ChIJ4_Vc6dZC1moRlwIXnmb2SgA","c(\"restaurant\", \"food\", \"point_of_interest\", \"establishment\")",1412,4,NA,-37.8187,144.9576,-37.8175618201073,144.959161979893,-37.8202614798927,144.956462320107,TRUE,"5XJ5+G2 Melbourne, Victoria","4RJ65XJ5+G2"
"OPERATIONAL","42-44 King St, Melbourne VIC 3000, Australia","https://maps.gstatic.com/mapfiles/place_api/icons/v1/png_71/restaurant-71.png","#FF9E67","https://maps.gstatic.com/mapfiles/place_api/icons/v2/restaurant_pinlet","Rare Steakhouse Downtown","list(height = 2400, html_attributions = list(\"<a href=\\"https://maps.google.com/maps/contrib/111883503253728946862\\">Rare Steakhouse King St</a>\"), photo_reference = \"ATJ83zhoFg0R0v-aovHJBiRbaPHz-DumbMWxYVPoVJEOcgrrmGg8KwnLTgGC33hlIdb4XOT-Ga4B-dSE2sfIgObvZLcde6Wh8BhpbCFkBL1hncVB8rZ4sZPGcAj4zupL4VchyFr1tSfn-60upPEpNag0ze_GEttCnVT1fvPa9WcTmS4Jy0gL\", width = 3600)","ChIJd4Tekk1d1moRmWbT07fDU6c",4.5,"ChIJd4Tekk1d1moRmWbT07fDU6c","c(\"restaurant\", \"food\", \"point_of_interest\", \"establishment\")",1544,3,NA,-37.8191522,144.9572137,-37.8178195201073,144.958503679893,-37.8205191798927,144.955804020107,TRUE,"5XJ4+8V Melbourne, Victoria","4RJ65XJ4+8V"
"OPERATIONAL","66 Flinders Ln, Melbourne VIC 3000, Australia","https://maps.gstatic.com/mapfiles/place_api/icons/v1/png_71/restaurant-71.png","#FF9E67","https://maps.gstatic.com/mapfiles/place_api/icons/v2/restaurant_pinlet","Botswana Butchery Melbourne","list(height = 3024, html_attributions = list(\"<a href=\\"https://maps.google.com/maps/contrib/105270197732432280688\\">Caragh Doeven</a>\"), photo_reference = \"ATJ83zjOO7JafIQTaiU7ss5-4bRCuCc22BYGNxLBKgLoMNyoCPBiwGqloM2V55Lt95acIlNG571PgfhAkpuUX9TAtdKdgT6u2RV5gbXcAggZH-EwpirxM4rjte_Px1045VgnWdW5PpFaYXPIeW07PYAU8w7PE0esNPCmycjU852okp6mFVNR\", width = 4032)","ChIJUQGnHgFD1moRfNhS1rJOV0o",4.3,"ChIJUQGnHgFD1moRfNhS1rJOV0o","c(\"restaurant\", \"bar\", \"food\", \"point_of_interest\", \"establishment\")",416,NA,NA,-37.8147693,144.9723072,-37.8134781201073,144.973683829893,-37.8161777798927,144.970984170107,TRUE,"5XPC+3W Melbourne, Victoria","4RJ65XPC+3W"
"OPERATIONAL","10 Bourke St, Melbourne VIC 3000, Australia","https://maps.gstatic.com/mapfiles/place_api/icons/v1/png_71/restaurant-71.png","#FF9E67","https://maps.gstatic.com/mapfiles/place_api/icons/v2/restaurant_pinlet","Butchers Diner","list(height = 1867, html_attributions = list(\"<a href=\\"https://maps.google.com/maps/contrib/111566257952544875782\\">A Google User</a>\"), photo_reference = \"ATJ83ziTWlCmdMZHz2Njmhfxds4b17nL62Ek_pIiHCZQtI-xBrwNy3uRO2VDUvujFTMo220XVviBjpN_bva9OPDpgQzoVL-tM1y4CMdnp0q3rLRaEydw12RMCY2LuwPUElcS8K_MlddMam2sycU4wLBqvFgY5MEBTH9Myy9Uesui3m-9j4r4\", width = 2800)","ChIJVePWBsZC1moR67oZW_aUbmA",4.5,"ChIJVePWBsZC1moR67oZW_aUbmA","c(\"restaurant\", \"food\", \"point_of_interest\", \"establishment\")",1401,NA,NA,-37.8113241,144.972612,-37.8100276701073,144.974002379893,-37.8127273298927,144.971302720107,TRUE,"5XQF+F2 Melbourne, Victoria","4RJ65XQF+F2"
"OPERATIONAL","80 Bourke St, Melbourne VIC 3000, Australia","https://maps.gstatic.com/mapfiles/place_api/icons/v1/png_71/restaurant-71.png","#FF9E67","https://maps.gstatic.com/mapfiles/place_api/icons/v2/restaurant_pinlet","Cellar Bar","list(height = 3024, html_attributions = list(\"<a href=\\"https://maps.google.com/maps/contrib/104835647129816792721\\">A Google User</a>\"), photo_reference = \"ATJ83zika9q8QY0Xa9LEXeErbkmXp5pr_ZdTJij5I6Evk_iUEWqkqtvljqAAfqA3GKUtYa9KTRrmLeoQoR5H-uluH3YNc2rtLT3fGAk6sEFHoX__C-rAaGa8XcprI8ar6_iFg6abh1aeO9T_ipkc30pmnTs5JfGUaoV0Fowq_y0WUe8O2rj8\", width = 4032)","ChIJvVpIlchC1moRgfpgs41vZgA",4,"ChIJvVpIlchC1moRgfpgs41vZgA","c(\"restaurant\", \"food\", \"point_of_interest\", \"establishment\")",92,NA,NA,-37.8118,144.9709563,-37.8105256201073,144.972342579893,-37.8132252798927,144.969642920107,TRUE,"5XQC+79 Melbourne, Victoria","4RJ65XQC+79"
"OPERATIONAL","472 Bourke St, Melbourne VIC 3000, Australia","https://maps.gstatic.com/mapfiles/place_api/icons/v1/png_71/restaurant-71.png","#FF9E67","https://maps.gstatic.com/mapfiles/place_api/icons/v2/restaurant_pinlet","Luci","list(height = 3024, html_attributions = list(\"<a href=\\"https://maps.google.com/maps/contrib/110684055674827197641\\">Tom Hayes</a>\"), photo_reference = \"ATJ83zhlTw2Dfrlo9SncgZXBH99bn8Rv6rXrb5sv8BdcUknEIp4qTBKZTypD4K3UImFAD0U0HTCAw0f5sY3hgXnB-vwMOHnEWi8z38oqZg_BrLn3oM559XBCcmP88zDmz-DUBfGsE3lWyMhTkWPc92MaBatfuuwzvVRGfZF_Uv5ioJIDxe-Q\", width = 4032)","ChIJHyzwEIBd1moRTS3vIrmp2ME",4.4,"ChIJHyzwEIBd1moRTS3vIrmp2ME","c(\"restaurant\", \"food\", \"point_of_interest\", \"establishment\")",105,NA,NA,-37.8150554,144.9597997,-37.8137782201073,144.961183529893,-37.8164778798927,144.958483870107,TRUE,"5XM5+XW Melbourne, Victoria","4RJ65XM5+XW"
"OPERATIONAL","149 Lonsdale St, Melbourne VIC 3000, Australia","https://maps.gstatic.com/mapfiles/place_api/icons/v1/png_71/restaurant-71.png","#FF9E67","https://maps.gstatic.com/mapfiles/place_api/icons/v2/restaurant_pinlet","Dainty Sichuan Hot Pot - CBD","list(height = 1276, html_attributions = list(\"<a href=\\"https://maps.google.com/maps/contrib/115030408006787282842\\">A Google User</a>\"), photo_reference = \"ATJ83zinQy22ZLVGVPXADC3HsbAI2vh2_jDe4_lIRWa48dviWzUaX77lA9vyYz9xcMFQ5JxsC9ClDWYbVRZf0fF0Ib-iIHxvY3Wbpupu-x_9e3Dgl8rX983zgjqyvny-x10NbHuQtXD1P9yntLAmGuwk7_96qgxz7XVV8i2gUrPH1et8BRgA\", width = 1702)","ChIJvbwma8lC1moRvfdamzBOvwg",3.8,"ChIJvbwma8lC1moRvfdamzBOvwg","c(\"restaurant\", \"food\", \"point_of_interest\", \"establishment\")",755,2,NA,-37.8107724,144.967973,-37.8093924201073,144.969308979893,-37.8120920798927,144.966609320107,TRUE,"5XQ9+M5 Melbourne, Victoria","4RJ65XQ9+M5"
"OPERATIONAL","Level 4/287 Lonsdale St, Melbourne VIC 3000, Australia","https://maps.gstatic.com/mapfiles/place_api/icons/v1/png_71/restaurant-71.png","#FF9E67","https://maps.gstatic.com/mapfiles/place_api/icons/v2/restaurant_pinlet","Din Tai Fung","list(height = 3024, html_attributions = list(\"<a href=\\"https://maps.google.com/maps/contrib/106603767618483780975\\">A Google User</a>\"), photo_reference = \"ATJ83zgUIT1C4q4Ht8M0mC-eihy5ksG_myhrB2XSy1u19MzJ0HjdtxgjzyJR3BNBUpphZS6jSxrxeh4sSkksQL-yMzwkwBse62G0juc3O4p5O_st0MeENiarLcjSmsZY9zcaX7hjRmX4jeQahiRX2jhvcuO4mGSnAzpxwEuFDNuDjQGjKVnQ\", width = 4032)","ChIJ9XbliMpC1moRN73Hlt5WJc4",2,4.1,"ChIJ9XbliMpC1moRN73Hlt5WJc4","c(\"restaurant\", \"point_of_interest\", \"food\", \"establishment\")",1724,-37.8124726,144.9642971,-37.8109628201073,144.965772829893,-37.8136624798927,144.963073170107,TRUE,"5XQ7+2P Melbourne, Victoria","4RJ65XQ7+2P"
"OPERATIONAL","112 Little Bourke St, Melbourne VIC 3000, Australia","https://maps.gstatic.com/mapfiles/place_api/icons/v1/png_71/restaurant-71.png","#FF9E67","https://maps.gstatic.com/mapfiles/place_api/icons/v2/restaurant_pinlet","Shanghai Village","list(height = 1156, html_attributions = list(\"<a href=\\"https://maps.google.com/maps/contrib/108594547680977901282\\">王性淵</a>\"), photo_reference = \"ATJ83zhXmGic6pEXT3C1bUvpsDpmuoejVdPQIgOJ-9pupxtp0oZAGQ1wDO7nak2jxSeJDcIipbYr8Fo5K-5GtuhBX0e9oqiycwo5pVfeBo_4tNxyvaCjiS_93lEEGen9tYWYOjE1Hc56O315EhBALteF7vnVZb_XFE7-fUTRUWSmKsf8qlty\", width = 2048)","ChIJn4XNHslC1moR6TOEXn-ggyQ",1,4.2,"ChIJn4XNHslC1moR6TOEXn-ggyQ","c(\"restaurant\", \"point_of_interest\", \"food\", \"establishment\")",2679,-37.811309,144.969113,-37.8099986201073,144.970478029893,-37.8126982798927,144.967778370107,TRUE,"5XQ9+FJ Melbourne, Victoria","4RJ65XQ9+FJ"
"OPERATIONAL","50 Little Bourke St, Melbourne VIC 3000, Australia","https://maps.gstatic.com/mapfiles/place_api/icons/v1/png_71/restaurant-71.png","#FF9E67","https://maps.gstatic.com/mapfiles/place_api/icons/v2/restaurant_pinlet","Shark Fin Inn","list(height = 3024, html_attributions = list(\"<a href=\\"https://maps.google.com/maps/contrib/116141589331984878339\\">Charlie</a>\"), photo_reference = \"ATJ83zjEaqLNQWHQOeAAp--lgULk_Vit0-RktaNGLHvPrcSOy5GqtcAOnqpQQnGSSCybZaJ_AUEcZu_DXmV6ibWSOimkFxc1SWM68n5ccr1DI1Z6lsHREw8RAEP9Fz1v7UZ0fqF2zcigDPyKpPIAsuOOD3_fz6tSsmpNAbZp2YtIFnYK7EF7\", width = 4032)","ChIJ0WwctchC1moRMJRDX19Kh40",2,4.1,"ChIJ0WwctchC1moRMJRDX19Kh40","c(\"restaurant\", \"point_of_interest\", \"food\", \"establishment\")",1311,-37.810704,144.9710032,-37.8094102701073,144.972392879893,-37.8121099298927,144.969693220107,TRUE,"5XQC+PC Melbourne, Victoria","4RJ65XQC+PC"
"OPERATIONAL","Level 2/200 Bourke St, Melbourne VIC 3000, Australia","https://maps.gstatic.com/mapfiles/place_api/icons/v1/png_71/restaurant-71.png","#FF9E67","https://maps.gstatic.com/mapfiles/place_api/icons/v2/restaurant_pinlet","Wagaya Melbourne","list(height = 3145, html_attributions = list(\"<a href=\\"https://maps.google.com/maps/contrib/104487454265900636657\\">Fai Paulus</a>\"), photo_reference = \"ATJ83zhok-NdvJuCIW1QRhluD7uaufv8EGa1cpzqo-HMVO4nQFM-6HgtNn6bOTKdd3plxfAk43CgP7vZru3kihALzmlw5VaYAyCgtnwDBV8f0d7gNqyR2L88vrpWBhcJVPb5sUWPF-8vUNTgt65PoPgj5nfIipu6syDRYZ4kRkhLcgMXOVD3\", width = 4193)","ChIJfb_ii8lC1moRCHE6tXS6amw",2,4.1,"ChIJfb_ii8lC1moRCHE6tXS6amw","c(\"restaurant\", \"point_of_interest\", \"food\", \"establishment\")",757,-37.8128039,144.9674288,-37.8115363201073,144.968821129893,-37.8142359798927,144.966121470107,TRUE,"5XP8+VX Melbourne, Victoria","4RJ65XP8+VX"
"OPERATIONAL","First Floor, 161 Spring St, Melbourne VIC 3000, Australia","https://maps.gstatic.com/mapfiles/place_api/icons/v1/png_71/restaurant-71.png","#FF9E67","https://maps.gstatic.com/mapfiles/place_api/icons/v2/restaurant_pinlet","The Melbourne Supper Club","list(height = 840, html_attributions = list(\"<a href=\\"https://maps.google.com/maps/contrib/114963839109076323599\\">The Melbourne Supper Club</a>\"), photo_reference = \"ATJ83zhnWx87nHYS6zH8MMtXYkVP3C8HZKeBzx9Zihw44t3cWM6sfKqPhr6toOHOqbCurOabgX2Y20EZLFOpjWQME6AkMHmo-IwmM3ozbKXn_vRc2TGM1fIF1Vz1kgSNs7bWMLPMsXOVB9v6zzZKNuNh904o7MGGTPACEydv28a9vNis3oVZ\", width = 1200)","ChIJVUlb_MVC1moRGtUfRpCN1Y0",3,4.3,"ChIJVUlb_MVC1moRGtUfRpCN1Y0","c(\"restaurant\", \"point_of_interest\", \"food\", \"establishment\")",220,-37.8109568,144.9724344,-37.8095056201073,144.973912279893,-37.8122052798927,144.971212620107,TRUE,"5XQC+JX Melbourne, Victoria","4RJ65XQC+JX"
"OPERATIONAL","1/301 Swanston St, Melbourne VIC 3000, Australia","https://maps.gstatic.com/mapfiles/place_api/icons/v1/png_71/bar-71.png","#FF9E67","https://maps.gstatic.com/mapfiles/place_api/icons/v2/bar_pinlet","Dom's Social Club","list(height = 4480, html_attributions = list(\"<a href=\\"https://maps.google.com/maps/contrib/109622333797069905771\\">A Google User</a>\"), photo_reference = \"ATJ83zhaEVXNfq6oCwvrc8eIW_Vw8_Z1sULQsVH37g3YAMxasxtTg7yn1Qp90pGTxhZMhCvw0F8JQ_IIw4-aHx3erztYg6kFV8918NOQ4tenbNAW2R_xqqfdTvuoVMBwi1SmtOFg_5WkVPOSETfDrDn-NsYmBEucd786TBgMevwo-UKrR5F2\", width = 6720)","ChIJLzCh9TBD1moRSUAqm95HPlA",NA,4.8,"ChIJLzCh9TBD1moRSUAqm95HPlA","c(\"bar\", \"point_of_interest\", \"establishment\")",139,-37.8110559,144.9642411,-37.8096522201073,144.965675879893,-37.8123518798927,144.962976220107,TRUE,"5XQ7+HM Melbourne, Victoria","4RJ65XQ7+HM"
"OPERATIONAL","Federation Square, Tenancy 26/2 Swanston St, Melbourne VIC 3004, Australia","https://maps.gstatic.com/mapfiles/place_api/icons/v1/png_71/restaurant-71.png","#FF9E67","https://maps.gstatic.com/mapfiles/place_api/icons/v2/restaurant_pinlet","Victoria by Farmer's Daughters","list(height = 9000, html_attributions = list(\"<a href=\\"https://maps.google.com/maps/contrib/116263293284648242650\\">Warren Louey</a>\"), photo_reference = \"ATJ83zjH9w2LLnZRogcPVzPUkCknVSrtGPc5mIfnlBNGWsV1AthINF45lrPRUg1ruSatPBLhjcewCbP7yFwClOZPJbUw9ZOoCyENB_IIBkQKCyQ9WtmfqeWRZAFEZKojYeb2jDnDRm4jK5sRQfr5PRaYK3p2VrK2JPjDqLIVWckobmNzqfR6\", width = 12000)","ChIJ04DFCmRD1moRmZ0sRo6LrQ4",NA,4.4,"ChIJ04DFCmRD1moRmZ0sRo6LrQ4","c(\"restaurant\", \"point_of_interest\", \"food\", \"establishment\")",129,-37.8183334,144.9690561,-37.8170918201073,144.969883929893,-37.8197914798927,144.967184270107,TRUE,"5XJ9+MJ Melbourne, Victoria","4RJ65XJ9+MJ"
"OPERATIONAL","616 Elizabeth St, Melbourne VIC 3000, Australia","https://maps.gstatic.com/mapfiles/place_api/icons/v1/png_71/bar-71.png","#FF9E67","https://maps.gstatic.com/mapfiles/place_api/icons/v2/bar_pinlet","The Last Jar","list(height = 1333, html_attributions = list(\"<a href=\\"https://maps.google.com/maps/contrib/113517453040554255045\\">Siobhan Dooley</a>\"), photo_reference = \"ATJ83zi8bYqHX_I8fhohSso-lNza9nqy8qc_2ScGtBVF6whiIM_uJusVGDQ2F4BbkiGKpUmJN6wGQYOCCFyV7Y9-cijRU1cj4ESVRAxlYh9o96DSyaeAgWPpotpeJHfHr6peFQTbCWpero8uSyEM5u9gCabNvLUNoWH1qBs4NUFw-ACHrA1l\", width = 2000)","ChIJCeE4_jJd1moRrIgIE_RiuZg",2,4.3,"ChIJCeE4_jJd1moRrIgIE_RiuZg","c(\"bar\", \"restaurant\", \"point_of_interest\", \"food\", \"establishment\")",497,-37.8039325,144.9589186,-37.8026178701073,144.960271929893,-37.8053175298927,144.957572270107,TRUE,"5XW5+CH Melbourne, Victoria","4RJ65XW5+CH"
"OPERATIONAL","Shop 1B/555 Flinders Ln, Melbourne VIC 3000, Australia","https://maps.gstatic.com/mapfiles/place_api/icons/v1/png_71/cafe-71.png","#FF9E67","https://maps.gstatic.com/mapfiles/place_api/icons/v2/cafe_pinlet","Cherry and Twigs","list(height = 3000, html_attributions = list(\"<a href=\\"https://maps.google.com/maps/contrib/115655733909405317799\\">FairValue Kk</a>\"), photo_reference = \"ATJ83zhJH2CHUMpkDIridth47syNQa27U95Yf_8MH4SaEJ2JRXhEn2PSzRgHXGW1zyRsox5uzPu6iUYpt_kyqE9tfRWVHLwSSWLJCRpfAl1PXOXOsEwyHVJP0XqXdOwsq7-alX3y88uoPPn3V-ALrSBVfVM2CPZ0U4NiekhTGJa4yw1xdbMD\", width = 4000)","ChIJJbxbHVJd1moRlmxHO37SS70",2,4.6,"ChIJJbxbHVJd1moRlmxHO37SS70","c(\"cafe\", \"restaurant\", \"point_of_interest\", \"food\", \"establishment\")",509,-37.8199001,144.9556695,-37.8185753201073,144.957030679893,-37.8212749798927,144.954331020107,FALSE,"5XH4+X7 Melbourne, Victoria","4RJ65XH4+X7"
"OPERATIONAL","49 Rathdowne St, Carlton VIC 3053, Australia","https://maps.gstatic.com/mapfiles/place_api/icons/v1/png_71/restaurant-71.png","#FF9E67","https://maps.gstatic.com/mapfiles/place_api/icons/v2/restaurant_pinlet","Epocha Restaurant","list(height = 3024, html_attributions = list(\"<a href=\\"https://maps.google.com/maps/contrib/105891108335768004467\\">A Google User</a>\"), photo_reference = \"ATJ83zhoEq1KbKnEffBhkOYnVjtXuE2UKjXpPQXRJi3Wa85rUNd1CzBVEyAvV64mKu2w7vqz6TGnhulCUALDDEzDfdO4GoVAp2Z9GcVm1RfQIiyTlBah_z_i4wHqbO1CoHZC6ETLwU6OukBCwApSxOfc-Xod0TOxQQB-T2NKFElW_k_FZe4\", width = 4032)","ChIJT5LLMM5C1moRQpzKBTsbS7Q",3,4.7,"ChIJT5LLMM5C1moRQpzKBTsbS7Q","c(\"restaurant\", \"point_of_interest\", \"food\", \"establishment\")",700,-37.8060433,144.9687378,-37.8046840701073,144.970202729893,-37.8073837298927,144.967503070107,TRUE,"5XV9+HF Carlton, Victoria","4RJ65XV9+HF"
"OPERATIONAL","Level 1/388/396 Elizabeth St, Melbourne VIC 3000, Australia","https://maps.gstatic.com/mapfiles/place_api/icons/v1/png_71/restaurant-71.png","#FF9E67","https://maps.gstatic.com/mapfiles/place_api/icons/v2/restaurant_pinlet","Damiao Hotpot Melbourne 大妙火锅 · 川菜","list(height = 3024, html_attributions = list(\"<a href=\\"https://maps.google.com/maps/contrib/116744494077933225641\\">杨丹</a>\"), photo_reference = \"ATJ83zj8312tjyfRMTSabA22fRpEjOAy1CPhqv6YxhW7AGbPLPF8xlicz-RdONUtvk-2DQeMnA8lOAFPHMksCI16-ZA9DBaA5XQIHQpVTWX_aTVA2vG37wT5a_1_BCKaINaH6AzO2G8mNwov6NCX7Ssn-wYIu9qbKQiGLSjH0CWCrOhIHK-m\", width = 4032)","ChIJq5ufzJ9D1moRfK0X9cK0BG8",2,4.5,"ChIJq5ufzJ9D1moRfK0X9cK0BG8","c(\"restaurant\", \"point_of_interest\", \"food\", \"establishment\")",420,-37.8096035,144.9613058,-37.8082715701073,144.962568929893,-37.8109712298927,144.959869270107,TRUE,"5XR6+5G Melbourne, Victoria","4RJ65XR6+5G"
"OPERATIONAL","Federation Square, Flinders St, Melbourne VIC 3000, Australia","https://maps.gstatic.com/mapfiles/place_api/icons/v1/png_71/restaurant-71.png","#FF9E67","https://maps.gstatic.com/mapfiles/place_api/icons/v2/restaurant_pinlet","Beer DeLuxe Fed Square","list(height = 3024, html_attributions = list(\"<a href=\\"https://maps.google.com/maps/contrib/111966233799331801315\\">Ania</a>\"), photo_reference = \"ATJ83zgRBw32Qi2fbRnDfKDe9n0xnKrb22sbbqOM1FkQ0tUoTOHWlA2xu2oLge3zOHJ30xFgFFY0LLXx2Ymsk0ZxQv8pFoLE_GTWlXu18R3o5xvS6b7THuOgQRNVJJiV2ygw48CGlM3iABlFILZOQ7HqbkSQH3uZ8r6q3dV7_6ITOSe3Ap5f\", width = 4032)","ChIJH9AxmLZC1moRuDTCk_Gkoyk",2,4.1,"ChIJH9AxmLZC1moRuDTCk_Gkoyk","c(\"restaurant\", \"bar\", \"point_of_interest\", \"food\", \"establishment\")",1608,-37.8171698,144.9694111,-37.8157171701073,144.970711779893,-37.8184168298927,144.968012120107,TRUE,"5XM9+4Q Melbourne, Victoria","4RJ65XM9+4Q"
"OPERATIONAL","32 Johnston St, Collingwood VIC 3066, Australia","https://maps.gstatic.com/mapfiles/place_api/icons/v1/png_71/restaurant-71.png","#FF9E67","https://maps.gstatic.com/mapfiles/place_api/icons/v2/restaurant_pinlet","Jim's Greek Tavern","list(height = 3024, html_attributions = list(\"<a href=\\"https://maps.google.com/maps/contrib/112217300567637910442\\">Joyce Ko</a>\"), photo_reference = \"ATJ83zigR96Bh-KVHTTlzCTjPiEyrTYwZfZQsVJwP86BzmbH56xcdirsp7coFIVdOO2bz7XC8qi_Xz171cuvu5MwxMqNYZEfg_p60wa8v0G4z8fnOECB1PrkWrnrnIHq49aOnv_QER_GWDAIRzZL6twmFi0_e1dAEpx2fIwA238zYu2CYOPj\", width = 4032)","ChIJwzZ6AR9D1moRXeXgDvBEqb0",2,4.2,"ChIJwzZ6AR9D1moRXeXgDvBEqb0","c(\"restaurant\", \"point_of_interest\", \"food\", \"establishment\")",1360,-37.7989018,144.9857817,-37.7976460701073,144.987122029893,-37.8003457298927,144.984422370107,TRUE,"6X2P+C8 Collingwood, Victoria","4RJ66X2P+C8"
"OPERATIONAL","127 Russell St, Melbourne VIC 3000, Australia","https://maps.gstatic.com/mapfiles/place_api/icons/v1/png_71/bar-71.png","#FF9E67","https://maps.gstatic.com/mapfiles/place_api/icons/v2/bar_pinlet","The Crafty Squire","list(height = 3366, html_attributions = list(\"<a href=\\"https://maps.google.com/maps/contrib/118034741427402794301\\">G Hutch</a>\"), photo_reference = \"ATJ83zhTQK3Nsv0_BVnva3IDY3858kfg2qSQPtGfkZTqFjq2MOplGcz5aupd1nvazPYwuj2vBSAvs91q-0QiQLPS6xCeB_qVuasEuUAd5PHAXTaAt44qSm2yJrDzWcBfeBLJndM1hYWCEfX3rZEzMiF1vbsBT7OTCs6mKbyIWThF281Ca6xg\", width = 5984)","ChIJazndwslC1moRIfHbO-8g0ug",2,4.2,"ChIJazndwslC1moRIfHbO-8g0ug","c(\"bar\", \"liquor_store\", \"store\", \"restaurant\", \"point_of_interest\", \"food\", \"establishment\")",3108,-37.8137597,144.9682772,-37.8123888701073,144.969709779893,-37.8150885298927,144.967010120107,TRUE,"5XP9+F8 Melbourne, Victoria","4RJ65XP9+F8"
"OPERATIONAL","3/48 Easey St, Collingwood VIC 3066, Australia","https://maps.gstatic.com/mapfiles/place_api/icons/v1/png_71/restaurant-71.png","#FF9E67","https://maps.gstatic.com/mapfiles/place_api/icons/v2/restaurant_pinlet","Easey's","list(height = 1152, html_attributions = list(\"<a href=\\"https://maps.google.com/maps/contrib/102321592728084496979\\">Brandon Gatgens</a>\"), photo_reference = \"ATJ83zjNjWXet-6V1teswxLHT-iqwsZ0ptPUJJvH5ICN1JOIhEEWCsV1uu4PbTnQGBSEllpPgd1c3StMUqTsolNDRT8mW7vOhYgEZmldwDyJ4CCdQdXXAFbuS5zBEo6HBZ5UwTsD13L7_0_E_cu2Je4WQKABHHCPhSVPLzPpIqN-QN5Ohq5J\", width = 2048)","ChIJI0eazx5D1moRIPxFYpXoeCM",2,4.3,"ChIJI0eazx5D1moRIPxFYpXoeCM","c(\"tourist_attraction\", \"art_gallery\", \"bar\", \"restaurant\", \"point_of_interest\", \"food\", \"establishment\")",2541,-37.7976149,144.9864426,-37.7963378701073,144.987779079893,-37.7990375298927,144.985079420107,TRUE,"6X2P+XH Collingwood, Victoria","4RJ66X2P+XH"
"OPERATIONAL","230 Hoddle St, Abbotsford VIC 3067, Australia","https://maps.gstatic.com/mapfiles/place_api/icons/v1/png_71/restaurant-71.png","#FF9E67","https://maps.gstatic.com/mapfiles/place_api/icons/v2/restaurant_pinlet","Kebab on Hoddle","list(height = 3024, html_attributions = list(\"<a href=\\"https://maps.google.com/maps/contrib/107791484318423670167\\">tony yakob</a>\"), photo_reference = \"ATJ83ziJHn14PYdQaSyuL3v2N5FvtmUQi0PwdLUgJOovYDxMsPmx_-8H5EABtWt33N3xrg8xhXHos5335JIv5PNcB4BfnAZUMIr7sQqPy01kQjqlTfOjDvm6uD5mKUvMADXN4DKSyyZxC8V6XTa9FsFgt5tYoP__-vq94a78KUVpvOOM3U2w\", width = 4032)","ChIJ8c3RSJZD1moRKrgXu7c_Ifo",NA,4.6,"ChIJ8c3RSJZD1moRKrgXu7c_Ifo","c(\"restaurant\", \"point_of_interest\", \"food\", \"establishment\")",109,-37.8002053,144.9931973,-37.7988490201073,144.994485379893,-37.8015486798927,144.991785720107,TRUE,"5XXV+W7 Abbotsford, Victoria","4RJ65XXV+W7"
"OPERATIONAL","Ground Level, 96 Flinders St, Melbourne VIC 3000, Australia","https://maps.gstatic.com/mapfiles/place_api/icons/v1/png_71/generic_business-71.png","#7B9EB0","https://maps.gstatic.com/mapfiles/place_api/icons/v2/generic_pinlet","Lucas Restaurants","NULL","ChIJw_XBx7dC1moRimPAjYrvlN0",NA,3.3,"ChIJw_XBx7dC1moRimPAjYrvlN0","c(\"point_of_interest\", \"establishment\")",14,-37.8160876,144.9715533,-37.8147557201073,144.972911579893,-37.8174553798927,144.970211920107,TRUE,"5XMC+HJ Melbourne, Victoria","4RJ65XMC+HJ"
"OPERATIONAL","80 Collins St, Melbourne VIC 3000, Australia","https://maps.gstatic.com/mapfiles/place_api/icons/v1/png_71/shopping-71.png","#4B96F3","https://maps.gstatic.com/mapfiles/place_api/icons/v2/shopping_pinlet","80 Collins","list(height = 4900, html_attributions = list(\"<a href=\\"https://maps.google.com/maps/contrib/110989240057939991335\\">Grace</a>\"), photo_reference = \"ATJ83zgyCzYPY2_mi6cx2ySvekOnjrkp3Bbyww1DS-AMZS7HXk9kgKwBAWsMPdSoeXy84jqE5yr5TpUkI32IXhRm-afZScwR98rGSgriFTM93N4_wpk2YDcc8kdWjVKxEAu2kSZBlUAC-6Qzk2PG3tgpXe3Few-IZCNeCaXkUTBkU8jTGWrK\", width = 3629)","ChIJlYfDfrtD1moR3I62seCwryE",NA,4.6,"ChIJlYfDfrtD1moR3I62seCwryE","c(\"shopping_mall\", \"point_of_interest\", \"establishment\")",109,-37.8139991,144.9708702,-37.8127120701073,144.972249579893,-37.8154117298927,144.969549920107,FALSE,"5XPC+C8 Melbourne, Victoria","4RJ65XPC+C8"
"OPERATIONAL","263 Lygon St, Carlton VIC 3053, Australia","https://maps.gstatic.com/mapfiles/place_api/icons/v1/png_71/restaurant-71.png","#FF9E67","https://maps.gstatic.com/mapfiles/place_api/icons/v2/restaurant_pinlet","Lagoon Dining","list(height = 3024, html_attributions = list(\"<a href=\\"https://maps.google.com/maps/contrib/106008641652330449664\\">เกิ้ล พงษ์นรินทร์</a>\"), photo_reference = \"ATJ83zgVaoibjMjt-ibb5S5IwqgoLgFQgSd2ZsdSYsBfQxU25vT_qdWEK2ObJOb84tdNRNo_4eNaHTm1AzoT1AAt1u7GdplkeeYgkuWs5fQUU8AJaAgFShWQbTd5DfDibkFXFHjmG1SXtSC8Vm_7yFIpQZoJfjcAaM8vOSaTe7U7xUcAxzLy\", width = 4032)","ChIJ319l-epD1moRJXzSVfcf1nA",NA,4.6,"ChIJ319l-epD1moRJXzSVfcf1nA","c(\"meal_takeaway\", \"meal_delivery\", \"restaurant\", \"point_of_interest\", \"food\", \"establishment\")",215,-37.7992952,144.9670943,-37.7979437201073,144.968429879893,-37.8006433798927,144.965730220107,TRUE,"6X28+7R Carlton, Victoria","4RJ66X28+7R"
"OPERATIONAL","22 Whitehart Ln, Melbourne VIC 3000, Australia","https://maps.gstatic.com/mapfiles/place_api/icons/v1/png_71/bar-71.png","#FF9E67","https://maps.gstatic.com/mapfiles/place_api/icons/v2/bar_pinlet","Whitehart Bar","list(height = 3036, html_attributions = list(\"<a href=\\"https://maps.google.com/maps/contrib/109087878759210836464\\">Christoph Herrmann</a>\"), photo_reference = \"ATJ83zgwVoC9fwD0hmC5Ic4VdMLZJWdCN6PlQvjc4_hB56lkdReSJBS8J5gvQyKX2-9lr3cDYa_A-B2S-y1FDf3V3iHKnesruxFTZ-79lfj-Xx0QdzJemp0OqzeHMdeb_hdN-iC91cXMraq_SOKfz8fjTCURbQqXhEs6yppo9C0_Q2-UEHLi\", width = 4048)","ChIJDfZCRbVC1moR9iR2iOya1Ig",2,4.3,"ChIJDfZCRbVC1moR9iR2iOya1Ig","c(\"bar\", \"point_of_interest\", \"establishment\")",1465,-37.8128928,144.9618629,-37.8115808201073,144.963249729893,-37.8142804798927,144.960550070107,TRUE,"5XP6+RP Melbourne, Victoria","4RJ65XP6+RP"
"OPERATIONAL","3 Southgate Ave, Southbank VIC 3006, Australia","https://maps.gstatic.com/mapfiles/place_api/icons/v1/png_71/shopping-71.png","#4B96F3","https://maps.gstatic.com/mapfiles/place_api/icons/v2/shopping_pinlet","Southgate","list(height = 4160, html_attributions = list(\"<a href=\\"https://maps.google.com/maps/contrib/105209661348542016308\\">HR Lu</a>\"), photo_reference = \"ATJ83ziB7NBqKPnFr3Ir1_5no82jRTJ7eA2uYYWFGfGhartLncGOABsb1MVILB0rEc1UcKPM3pJDDMIGU92M6Qvldu5Zs9qC85MZz8-Mi1JUgPyGrQ3dGywLuBS88s6Sry1F7kStAAwgUKIh0oychJl7TArgFas611DvFoZY3uOr1vI0i0Dj\", width = 3120)","ChIJreaFNbJC1moRsVLa8Nh49SQ",2,4.2,"ChIJreaFNbJC1moRsVLa8Nh49SQ","c(\"shopping_mall\", \"art_gallery\", \"cafe\", \"bar\", \"food\", \"point_of_interest\", \"establishment\")",3949,-37.8203389,144.9660726,-37.8196090201073,144.9690755,-37.8223086798927,144.9643635,"5XH8+VC Southbank, Victoria","4RJ65XH8+VC",NA
"OPERATIONAL","18 Little Queen St, Melbourne VIC 3000, Australia","https://maps.gstatic.com/mapfiles/place_api/icons/v1/png_71/lodging-71.png","#909CE1","https://maps.gstatic.com/mapfiles/place_api/icons/v2/hotel_pinlet","Hilton Melbourne Little Queen Street","list(height = 1667, html_attributions = list(\"<a href=\\"https://maps.google.com/maps/contrib/114027251114018965557\\">A Google User</a>\"), photo_reference = \"ATJ83zg0tsK_cGZDjs6hs6BdCmoso043Vg1ZOY4iDgNBC8rOPBtQcgxUmqcPCDD8dck5f-maWpcWAPm84Y6zikQj_t2gc2iYv9uAvstKamAjEDQNBiDrfYPvGkuOcbZIqEvuDxx7IaMWi3kzATSb_TlNmg3z9otnkwcdN1jGtuGPOkLqLFI\", width = 2500)","ChIJW3Tj5exd1moRi1YJgr_hu0k",NA,4.4,"ChIJW3Tj5exd1moRi1YJgr_hu0k","c(\"lodging\", \"point_of_interest\", \"establishment\")",378,-37.8149993,144.9597722,-37.8135402201073,144.960939579893,-37.8162398798927,144.958239920107,"5XP5+2W Melbourne, Victoria","4RJ65XP5+2W",NA
NA,"CBD, Melbourne VIC, Australia","https://maps.gstatic.com/mapfiles/place_api/icons/v1/png_71/geocode-71.png","#7B9EB0","https://maps.gstatic.com/mapfiles/place_api/icons/v2/generic_pinlet","CBD","list(height = 2160, html_attributions = list(\"<a href=\\"https://maps.google.com/maps/contrib/111655350700098310293\\">Siddhardha Bobba</a>\"), photo_reference = \"ATJ83zj_pdP9uSRneh1VvnQEonH5qRMg8H5kbhAdqKE6fQA5cJ7QEufjpjltK-w-2ekH8Ja3yXPscxcLC8MC3S3VHiM2GW2OY282CPk1csHUpsL3S963TuUfVTbb3mxD1vaxkBTVzak9--3cjDXbdVJ558-VBcN-vDJNubxgygfVq9wF1ggR\", width = 3840)","ChIJxXF388pC1moRYe3cJE1mToM",NA,NA,"ChIJxXF388pC1moRYe3cJE1mToM","c(\"neighborhood\", \"political\")",NA,-37.8123652,144.9623382,-37.7994459,144.9748669,-37.8230788,144.951435,NA,NA,NA
"OPERATIONAL","421 Rathdowne St, Carlton VIC 3053, Australia","https://maps.gstatic.com/mapfiles/place_api/icons/v1/png_71/restaurant-71.png","#FF9E67","https://maps.gstatic.com/mapfiles/place_api/icons/v2/restaurant_pinlet","Capitano Carlton","list(height = 408, html_attributions = list(\"<a href=\\"https://maps.google.com/maps/contrib/102020029891437416932\\">A Google User</a>\"), photo_reference = \"ATJ83zip6v_RvgWui_ox6zU_56T3x6_Tqk_mcwfHLTjaxsgbMih8Z9R1PHjNxc39NLTRZQKjyM2xxzh_njC1JLZWtFFlnQwXb13HU5tvNsdabJBAMazmegojAa1odjzjuJYLWtbZfXJx8cgF8u_zt-OTvPteQxIfLLuuGrPBAiNW6V2mazYs\", width = 612)","ChIJpXnV3tdC1moRGzDeeGZK3HA",2,4.5,"ChIJpXnV3tdC1moRGzDeeGZK3HA","c(\"restaurant\", \"bar\", \"food\", \"point_of_interest\", \"establishment\")",755,-37.7965143,144.9704931,-37.7951661201073,144.971871079893,-37.7978657798927,144.969171420107,"6X3C+C5 Carlton, Victoria","4RJ66X3C+C5",TRUE
"OPERATIONAL","30 Jacka Blvd, St Kilda VIC 3182, Australia","https://maps.gstatic.com/mapfiles/place_api/icons/v1/png_71/restaurant-71.png","#FF9E67","https://maps.gstatic.com/mapfiles/place_api/icons/v2/restaurant_pinlet","Stokehouse St Kilda","list(height = 2268, html_attributions = list(\"<a href=\\"https://maps.google.com/maps/contrib/114515043357088537410\\">A Google User</a>\"), photo_reference = \"ATJ83zgs_1HYFZssvfMpfixrkWkQtN-bcdXUGJArycH87POG-H7iqdh4slMJT3Lwka0ENwBtbqkJtl2GUFi8qv0CvZbutDs5w8_SAju5zUalF8FKg5Riv-SkGI_XuLXGadRURGGh9i0HMyW1y0i2AD8zMg14450OyzHnEXdu7vG1hIXmEEwZ\", width = 4032)","ChIJ8cGZk2Ro1moR7h826w4ydXU",3,4.2,"ChIJ8cGZk2Ro1moR7h826w4ydXU","c(\"restaurant\", \"food\", \"point_of_interest\", \"establishment\")",1127,-37.8676627,144.9743012,-37.8662085201073,144.975814179893,-37.8689081798927,144.973114520107,"4XJF+WP St Kilda, Victoria","4RJ64XJF+WP",TRUE
"OPERATIONAL","Little Bourke St, Melbourne VIC 3000, Australia","https://maps.gstatic.com/mapfiles/place_api/icons/v1/png_71/generic_business-71.png","#13B5C7","https://maps.gstatic.com/mapfiles/place_api/icons/v2/generic_pinlet","Chinatown Melbourne","list(height = 4032, html_attributions = list(\"<a href=\\"https://maps.google.com/maps/contrib/117150580714277775676\\">A Google User</a>\"), photo_reference = \"ATJ83zjYrxJFlxUTO4WLiFlByqyOJCFKiStE7ige9cJ5pDkHVhBXKFSgmFL8fitxj2y9QvKaJQBo85EcjA9VOX2LpZhilt5dvuYe3ztv61EaHIqKqyK2nQY3Jvsb38DX42TJBxst_EJErCTgQji9kVnKYn1wc3YeUaczTBbEBEiIL5DenUWF\", width = 3024)","ChIJczgQh8lC1moR9r9gP44FRvY",NA,4.3,"ChIJczgQh8lC1moR9r9gP44FRvY","c(\"tourist_attraction\", \"restaurant\", \"food\", \"point_of_interest\", \"establishment\")",5864,-37.8120039,144.9668026,-37.8106873201073,144.968165529893,-37.8133869798927,144.965465870107,"5XQ8+5P Melbourne, Victoria","4RJ65XQ8+5P",TRUE
"OPERATIONAL","20 Booker St, Spotswood VIC 3015, Australia","https://maps.gstatic.com/mapfiles/place_api/icons/v1/png_71/restaurant-71.png","#FF9E67","https://maps.gstatic.com/mapfiles/place_api/icons/v2/restaurant_pinlet","Grazeland Melbourne","list(height = 3024, html_attributions = list(\"<a href=\\"https://maps.google.com/maps/contrib/102779559951724063021\\">A Google User</a>\"), photo_reference = \"ATJ83zhjpgvgbCXMcG7IR-h7s_P8GYlE9oNNG5a1TwRqVu2HljPwX2USOxQRkLyfO5RTSSq5JXT48RJ_HgeAWW6Vn-DgMV0i96aq33iXRU6Q0J1dNYNZ4EaTqT6IH6IVNiSZaB5HWvfehei6MyWc7H5XJb2fI36gI4C_ietIt-8qMRFxzDRN\", width = 4032)","ChIJeXSAkMFn1moRC4xAWsgbFsM",2,4.5,"ChIJeXSAkMFn1moRC4xAWsgbFsM","c(\"food\", \"point_of_interest\", \"establishment\")",2887,-37.8302703,144.8931534,-37.8290338701073,144.894331679893,-37.8317335298927,144.891632020107,"5V9V+V7 Spotswood, Victoria","4RJ65V9V+V7",FALSE
"OPERATIONAL","59 Lonsdale St, Melbourne VIC 3000, Australia","https://maps.gstatic.com/mapfiles/place_api/icons/v1/png_71/parking-71.png","#7B9EB0","https://maps.gstatic.com/mapfiles/place_api/icons/v2/parking_pinlet","Secure Parking - 59 Lonsdale Street Car Park","list(height = 318, html_attributions = list(\"<a href=\\"https://maps.google.com/maps/contrib/108121915517040713504\\">Secure Parking</a>\"), photo_reference = \"ATJ83zi3Unvg6wfvJGaunNz2B8RQYmEew9ICJ0j3qoACw-iguqImGOy4G4j1e6mEAUxR4dlhHprT88_WhiDnsJe7AA1bUV4X9kC7-wUpY49Pr-9rD_9sbrac3k6NgLq22FJvEmMj_s07rOsTjMqp2YTvJ-u7lMbX5SkmJcbOLfEAFzR0nsQ\", width = 565)","ChIJscVTP89C1moR-WyxQzqFoeU",NA,2.8,"ChIJscVTP89C1moR-WyxQzqFoeU","c(\"parking\", \"point_of_interest\", \"establishment\")",135,-37.8101823,144.970531,-37.8087145201073,144.971847679893,-37.8114141798927,144.969148020107,"5XQC+W6 Melbourne, Victoria","4RJ65XQC+W6",TRUE
