"business_status","formatted_address","icon","icon_background_color","icon_mask_base_uri","name","photos","place_id","price_level","rating","reference","types","user_ratings_total","geometry.location.lat","geometry.location.lng","geometry.viewport.northeast.lat","geometry.viewport.northeast.lng","geometry.viewport.southwest.lat","geometry.viewport.southwest.lng","opening_hours.open_now","plus_code.compound_code","plus_code.global_code"
"OPERATIONAL","MR2/3 Southgate Ave, Southbank VIC 3006, Australia","https://maps.gstatic.com/mapfiles/place_api/icons/v1/png_71/restaurant-71.png","#FF9E67","https://maps.gstatic.com/mapfiles/place_api/icons/v2/restaurant_pinlet","La Camera, Italian Restaurant","list(height = 3024, html_attributions = list(\"<a href=\\"https://maps.google.com/maps/contrib/113643174635844205225\\">Jacek Laskowski</a>\"), photo_reference = \"ATJ83ziRkOiiJPCJyFNdZCp5Xq20tIjh6_RseWTBvSHECur6xzZstrrmCrdX7PrDFEUFgnKvEpRBEwx5P7jCBvd7pTJ4359xSU6cCu97wlsF6AoK-9D8Jxp_LnuJ48F0rGnvmx6FTlH-YL47_XoG99ZSF5A33l7St4dYmLTXyNQ91LL6NNpl\", width = 4032)","ChIJ9f7HQrJC1moRwo_U9X7VL-E",2,4.2,"ChIJ9f7HQrJC1moRwo_U9X7VL-E","c(\"restaurant\", \"food\", \"point_of_interest\", \"establishment\")",1013,-37.8200651,144.9666394,-37.8191398701073,144.967511929893,-37.8218395298927,144.964812270107,NA,"5XH8+XM Southbank, Victoria","4RJ65XH8+XM"
"OPERATIONAL","UPPER, LEVEL U1/2 Southgate Ave, Southbank VIC 3006, Australia","https://maps.gstatic.com/mapfiles/place_api/icons/v1/png_71/restaurant-71.png","#FF9E67","https://maps.gstatic.com/mapfiles/place_api/icons/v2/restaurant_pinlet","The Deck Southbank","list(height = 850, html_attributions = list(\"<a href=\\"https://maps.google.com/maps/contrib/101799006347058820829\\">The Deck Restaurant</a>\"), photo_reference = \"ATJ83zjQuH9CKPahCrJBZCUNEJNHC3iZkpX7yX1fTV-BKF8m8iZ-stII4aVTwsIipm5XO7o_emDCuwCb1YxA3DOXJinJaZgy6DPiXOTtP6zvhnKB7fiBHM0eybxbPNYBRE1WvIcO88D5hH2IGZ7wPSIq2hK5MblBDNiydQ4aVdiKAqJS1w8b\", width = 1276)","ChIJgZOibbFC1moRsAR-TgIQ340",3,4.3,"ChIJgZOibbFC1moRsAR-TgIQ340","c(\"bar\", \"restaurant\", \"food\", \"point_of_interest\", \"establishment\")",158,-37.8201534,144.9668346,-37.8191638201073,144.967708729893,-37.8218634798927,144.965009070107,TRUE,"5XH8+WP Southbank, Victoria","4RJ65XH8+WP"
"OPERATIONAL","1 Southbank Blvd, Southbank VIC 3006, Australia","https://maps.gstatic.com/mapfiles/place_api/icons/v1/png_71/restaurant-71.png","#FF9E67","https://maps.gstatic.com/mapfiles/place_api/icons/v2/restaurant_pinlet","Left Bank Melbourne Restaurant & Cocktail Bar","list(height = 3000, html_attributions = list(\"<a href=\\"https://maps.google.com/maps/contrib/113372090829423623456\\">A Google User</a>\"), photo_reference = \"ATJ83zjtRgwLDVXYEdpgsLPRNOmb8TzdT1zUtWOMZNFNskKwptCiQenL6-i93-cSKwhalSz52U3vAn1XfTT60oBUoAbRcn6gCvPewTS2Lx1qCTTSAzxOxSPxQX2mKTK6Ze3AuU2vbj9e7lF87byOXT8E_S0zhzn7gUAlgI2ko6Z5-Et5dKsl\", width = 4500)","ChIJFwC1lrJC1moRjtLuCpWlcF0",2,4.3,"ChIJFwC1lrJC1moRjtLuCpWlcF0","c(\"bar\", \"restaurant\", \"food\", \"point_of_interest\", \"establishment\")",4475,-37.8210084,144.9628614,-37.8197591201073,144.964057329893,-37.8224587798927,144.961357670107,TRUE,"5XH7+H4 Southbank, Victoria","4RJ65XH7+H4"
"OPERATIONAL","Freshwater Place, 3 Queens Bridge St, Southbank VIC 3006, Australia","https://maps.gstatic.com/mapfiles/place_api/icons/v1/png_71/restaurant-71.png","#FF9E67","https://maps.gstatic.com/mapfiles/place_api/icons/v2/restaurant_pinlet","The Meat & Wine Co Southbank","list(height = 684, html_attributions = list(\"<a href=\\"https://maps.google.com/maps/contrib/117204554236092888531\\">The Meat &amp; Wine Co Restaurant</a>\"), photo_reference = \"ATJ83zgqHIRGetylcli-755HSYRskz1BaGp5vgBs06IxAZoRB4r3-jnOEa6Ta8psuvoU-3gIeJjSabGC-VaEbwokCZN2PbwAnNkVs2w-tN74Xin4kECl6Yf6weElCNiOnfq0bm9t2V0r60vx7c-s9aVux-5z7uNM8s-kET-JlGKhbrPbSYD2\", width = 1024)","ChIJjXmoUa1C1moRMhlWBIe9Jpg",3,4.3,"ChIJjXmoUa1C1moRMhlWBIe9Jpg","c(\"bar\", \"restaurant\", \"food\", \"point_of_interest\", \"establishment\")",3151,-37.8215461,144.961854,-37.8199774201073,144.962999629893,-37.8226770798927,144.960299970107,TRUE,"5XH6+9P Southbank, Victoria","4RJ65XH6+9P"
"OPERATIONAL","4-9, Level M/3 Southgate Ave, Southbank VIC 3006, Australia","https://maps.gstatic.com/mapfiles/place_api/icons/v1/png_71/restaurant-71.png","#FF9E67","https://maps.gstatic.com/mapfiles/place_api/icons/v2/restaurant_pinlet","YASSAS - THE GREEK WAY (SOUTHBANK)","list(height = 3024, html_attributions = list(\"<a href=\\"https://maps.google.com/maps/contrib/111966233799331801315\\">Ania</a>\"), photo_reference = \"ATJ83zjfOG-TOLvi6yLo0IuDZa4CcRMXBSIZEjWF1xfS9mwhxphGS_ShM0iRTM2qnGMlAhEYcTEC8LfKiEYzFvJj5E6BLaZskFBRKOZZkKD3kLI_1FCO553Acg0boDtCYgQPhhxHHCaUtJq9roE8hh38MkPS4cZLXnWuyK5NTK8YVxbb-nqs\", width = 4032)","ChIJcScB2rNC1moRZSBo-Wm8C-0",2,4,"ChIJcScB2rNC1moRZSBo-Wm8C-0","c(\"restaurant\", \"food\", \"point_of_interest\", \"establishment\")",1206,-37.8201217,144.9661924,-37.8190292701073,144.967149329893,-37.8217289298927,144.964449670107,TRUE,"5XH8+XF Southbank, Victoria","4RJ65XH8+XF"
"OPERATIONAL","37.819757, Southbank Promenade Melbourne VIC 3004, 144/967366 Southbank Promenade, Southbank VIC 3006, Australia","https://maps.gstatic.com/mapfiles/place_api/icons/v1/png_71/restaurant-71.png","#FF9E67","https://maps.gstatic.com/mapfiles/place_api/icons/v2/restaurant_pinlet","Teatro Restaurant","list(height = 2048, html_attributions = list(\"<a href=\\"https://maps.google.com/maps/contrib/100736050910125690703\\">A Google User</a>\"), photo_reference = \"ATJ83zjET5C7Gdo8hOM1N0XrmjIObHOCqY-QxjXfQ5-CEgGRwqqreoXBYJXTi0oiKZVCjb3jS58biGtjgB4ltcSNmM5pKBbVD889-ZVRTJ0Ug4sgZlyzUkrfIi19j_EdyxITv126vGaC9A89KunJIpm_GKE5W5uxr23yXsqTwTpiK82P9378\", width = 2048)","ChIJ1zaYQrFC1moRYTQxlnRsC_0",2,4,"ChIJ1zaYQrFC1moRYTQxlnRsC_0","c(\"bar\", \"restaurant\", \"food\", \"point_of_interest\", \"store\", \"establishment\")",173,-37.8198212,144.9673907,-37.8187031201073,144.969330929893,-37.8214027798927,144.966631270107,TRUE,"5XJ8+3X Southbank, Victoria","4RJ65XJ8+3X"
"OPERATIONAL","GR2 River Level Southgate Precinct, 3 Southgate Ave, Southbank VIC 3006, Australia","https://maps.gstatic.com/mapfiles/place_api/icons/v1/png_71/restaurant-71.png","#FF9E67","https://maps.gstatic.com/mapfiles/place_api/icons/v2/restaurant_pinlet","Pure South Kitchen","list(height = 3024, html_attributions = list(\"<a href=\\"https://maps.google.com/maps/contrib/106244482486625301594\\">阿一</a>\"), photo_reference = \"ATJ83zgE020e_dO7t88pxmEfQ1iglCNpuxeRzBnPS0K5AEuVzjt6U9geGVXC9kJ3QL506UA6ZVlv8O68ekuZ5nbgEtp8f5K1g59NsuT-uyVq7h9_3DAdHInQ-UJPcIR9kVTsNHDkgGLkIiNaqv9waayE1M9xAZpkzLfuHM_xKswKzMOgHUut\", width = 4032)","ChIJq6r217NC1moRLKIcjBXmx5g",2,4.1,"ChIJq6r217NC1moRLKIcjBXmx5g","c(\"restaurant\", \"food\", \"point_of_interest\", \"establishment\")",1139,-37.8202814,144.9652412,-37.8190335701073,144.966647979893,-37.8217332298927,144.963948320107,TRUE,"5XH8+V3 Southbank, Victoria","4RJ65XH8+V3"
"OPERATIONAL","1 Southbank Blvd, Southbank VIC 3006, Australia","https://maps.gstatic.com/mapfiles/place_api/icons/v1/png_71/bar-71.png","#FF9E67","https://maps.gstatic.com/mapfiles/place_api/icons/v2/bar_pinlet","The Breslin Bar & Grill","list(height = 3024, html_attributions = list(\"<a href=\\"https://maps.google.com/maps/contrib/107673328682031462394\\">Debi Slinger</a>\"), photo_reference = \"ATJ83zjZuYV3zc-2RWJ6mJ4oygrqlp0bUiPX6KbJHBAReXf7y4PQlUgy6wvBzePEnQa3ktLKrVjck38uDR88V02kB1IiSQojsNBfL36baFixIqSsDiWJJrO2EVCzAfmtI4QZoncY_3ZKK-b50M1-6RP6g_NLZdYUVkfIgS8n9o4P8mu5fxL4\", width = 4032)","ChIJ6eEhZa1C1moR4Ls34LGLXvE",2,4.2,"ChIJ6eEhZa1C1moR4Ls34LGLXvE","c(\"bar\", \"restaurant\", \"food\", \"point_of_interest\", \"establishment\")",1513,-37.8208499,144.9629618,-37.8196609701073,144.964208579893,-37.8223606298927,144.961508920107,TRUE,"5XH7+M5 Southbank, Victoria","4RJ65XH7+M5"
"OPERATIONAL","T2/1 Southbank Blvd, Southbank VIC 3006, Australia","https://maps.gstatic.com/mapfiles/place_api/icons/v1/png_71/restaurant-71.png","#FF9E67","https://maps.gstatic.com/mapfiles/place_api/icons/v2/restaurant_pinlet","Old Man Pho Southbank","list(height = 3648, html_attributions = list(\"<a href=\\"https://maps.google.com/maps/contrib/106103536220168489893\\">A Google User</a>\"), photo_reference = \"ATJ83zg4O7hcaiZ4Xl0xAyLJxTQNvZGt-hzJKoITw99jXuvhtINHcCyspZXm1qwCy24s42XWiVRRO5jJIxga7LPS_2gVLy68PWCDeLXz2zC6lELd48m64FeCUA0GF8selQhlNo-LChKI2Xg8Ah-y9OkaXol8WB8YQoKsbf-h9Ifc3WOVWfS6\", width = 5472)","ChIJfS2hGdpD1moR6PmNDzQdW4M",NA,4.5,"ChIJfS2hGdpD1moR6PmNDzQdW4M","c(\"restaurant\", \"food\", \"point_of_interest\", \"establishment\")",345,-37.8210966,144.9630499,-37.8198515701073,144.964271979893,-37.8225512298927,144.961572320107,TRUE,"5XH7+H6 Southbank, Victoria","4RJ65XH7+H6"
"OPERATIONAL","8 Whiteman St, Southbank VIC 3006, Australia","https://maps.gstatic.com/mapfiles/place_api/icons/v1/png_71/restaurant-71.png","#FF9E67","https://maps.gstatic.com/mapfiles/place_api/icons/v2/restaurant_pinlet","The Atlantic","list(height = 1366, html_attributions = list(\"<a href=\\"https://maps.google.com/maps/contrib/104894870111994078743\\">The Atlantic Restaurant</a>\"), photo_reference = \"ATJ83zh8p1ETiAZX2FOlqefLSXCd4iOely3NzkP-AJ1V34Pb4oyGkRkx985Lxk4Bcq4NDH-U33FG7b4mOsTXrVgcW7p2wweXPsByY0l3Xzclxn7kjU6u2PBgS_D6Lk_o4utt0LFdJjL5v2sjdAPoXAffXUS1kv5Af_jABqlr36bhEBROtux5\", width = 2048)","ChIJs-Q2IlNd1moRCKATMhnSiEc",4,3.9,"ChIJs-Q2IlNd1moRCKATMhnSiEc","c(\"restaurant\", \"food\", \"point_of_interest\", \"establishment\")",1510,-37.822549,144.958882,-37.8212687201073,144.959976279893,-37.8239683798927,144.957276620107,TRUE,"5XG5+XH Southbank, Victoria","4RJ65XG5+XH"
"OPERATIONAL","3 Southgate Ave, Southbank VIC 3006, Australia","https://maps.gstatic.com/mapfiles/place_api/icons/v1/png_71/restaurant-71.png","#FF9E67","https://maps.gstatic.com/mapfiles/place_api/icons/v2/restaurant_pinlet","Bluetrain","list(height = 2268, html_attributions = list(\"<a href=\\"https://maps.google.com/maps/contrib/109081188515863992100\\">Paul Richards</a>\"), photo_reference = \"ATJ83zjZxl1MEhqDPbiQfVf2W75M_b6AGbNMt2Qn5wCIXqLnyCaq3WIgo7g5m0fuot9VcfU__c2RidKLsx0dK8ROYruKKRHZl1c-wtyC0QHpaTjkbeQRglgMdkxfBbDdR4HqqNmMJNBzVtQ4ovqxBijECQzDvEEWQmsLiXQ-SOuFVF4NftD6\", width = 4032)","ChIJiVdW17NC1moR-szxoi5qpgo",2,4,"ChIJiVdW17NC1moR-szxoi5qpgo","c(\"restaurant\", \"cafe\", \"food\", \"point_of_interest\", \"store\", \"establishment\")",531,-37.8201184,144.9662684,-37.8190295201073,144.967206079893,-37.8217291798927,144.964506420107,TRUE,"5XH8+XG Southbank, Victoria","4RJ65XH8+XG"
"OPERATIONAL","8 Whiteman St, Southbank VIC 3006, Australia","https://maps.gstatic.com/mapfiles/place_api/icons/v1/png_71/restaurant-71.png","#FF9E67","https://maps.gstatic.com/mapfiles/place_api/icons/v2/restaurant_pinlet","Spice Temple","list(height = 3024, html_attributions = list(\"<a href=\\"https://maps.google.com/maps/contrib/104695937237083118991\\">Miranda Wang</a>\"), photo_reference = \"ATJ83zjWvetajLvNq7cOHbeNtK76umq8XIPQVSJc_Xhidz7pO6C24ssMmVQFwRwHxQTTjkRe-ZxNyywuDJg_X0Y0jF23PlMY6GB_32NOu-BSEcNRfDyMS8xO9iO0mbe6QujsrBZfxBt-EPj9VbXVxfZN2XtlnMjREkz0705LioWZ2k4a616V\", width = 4032)","ChIJwd0Cv1Jd1moRmT612H04gRc",4,3.9,"ChIJwd0Cv1Jd1moRmT612H04gRc","c(\"bar\", \"restaurant\", \"food\", \"point_of_interest\", \"establishment\")",617,-37.8219651,144.9599672,-37.8206311201073,144.961286379893,-37.8233307798927,144.958586720107,TRUE,"5XH5+6X Southbank, Victoria","4RJ65XH5+6X"
"OPERATIONAL","M28/3 Southgate Ave, Southbank VIC 3006, Australia","https://maps.gstatic.com/mapfiles/place_api/icons/v1/png_71/restaurant-71.png","#FF9E67","https://maps.gstatic.com/mapfiles/place_api/icons/v2/restaurant_pinlet","Tutto Bene","list(height = 3024, html_attributions = list(\"<a href=\\"https://maps.google.com/maps/contrib/111606695873253416913\\">111606695873253416913</a>\"), photo_reference = \"ATJ83zjb156eMrdQjG34qTxYs7fm0YqqLA8ks8Xag75gBwg5rJmOIlL48UiRjV8STPwlIWQ6JN8GpfcNm26Q1CqBGJth_86wMci51cbIld3pPbP9rPOJXFcXzLEvHtRFJnAg2ok2_Ql5TuesNsgsa5FOOrUFnkr3QQY-RWtAsYHQAuvppyNk\", width = 4032)","ChIJreaFNbJC1moRpXUSN5IQbmk",2,3.6,"ChIJreaFNbJC1moRpXUSN5IQbmk","c(\"restaurant\", \"food\", \"point_of_interest\", \"establishment\")",392,-37.8202591,144.9659072,-37.8190903701073,144.967040529893,-37.8217900298927,144.964340870107,NA,"5XH8+V9 Southbank, Victoria","4RJ65XH8+V9"
"OPERATIONAL","MR6 Mid Level Southgate Building, 3 Southgate Ave, Southbank VIC 3006, Australia","https://maps.gstatic.com/mapfiles/place_api/icons/v1/png_71/restaurant-71.png","#FF9E67","https://maps.gstatic.com/mapfiles/place_api/icons/v2/restaurant_pinlet","Pure South Dining","list(height = 683, html_attributions = list(\"<a href=\\"https://maps.google.com/maps/contrib/109057692444819319747\\">Pure South Restaurant &amp; Bar</a>\"), photo_reference = \"ATJ83zgx7d2JW-gbpDj-6gbvWa4W5gHZxJP4r2QE1BUGIKGy8Jh-ewOsSXLaLavNR_lFqy9_UCbTLDX-C8I6V7MYMoGEi-ZnpEGUyZnD5-ArZ5k7pbwgvV08LCLMalArE8QD3YnG9LCmIwoUdZZsGhw_qNtme8ShWGY6g8qoVwISvwTMgqD3\", width = 1024)","ChIJBTyUPlpD1moRX_z9jQURl7A",NA,4.2,"ChIJBTyUPlpD1moRX_z9jQURl7A","c(\"restaurant\", \"food\", \"point_of_interest\", \"establishment\")",100,-37.820556,144.965833,-37.8191896201073,144.966975629893,-37.8218892798927,144.964275970107,TRUE,"5XH8+Q8 Southbank, Victoria","4RJ65XH8+Q8"
"OPERATIONAL","139 City Rd, Southbank VIC 3006, Australia","https://maps.gstatic.com/mapfiles/place_api/icons/v1/png_71/restaurant-71.png","#FF9E67","https://maps.gstatic.com/mapfiles/place_api/icons/v2/restaurant_pinlet","Dee Casa - Restaurant & Bar","list(height = 683, html_attributions = list(\"<a href=\\"https://maps.google.com/maps/contrib/114270150402758038950\\">dulzadu</a>\"), photo_reference = \"ATJ83zixNyuI8MxXPdkdwR6fyKwZXxLp3A-9k4JX3X0Z5rKVkNtx6amd1DxR4U3eYYHhBICZ_XUNKgH27l5Sczb9DZ9629qYWnbFqHXVE8cuID9t82GPKnzIBUdYqcs8IYi6d8sZ4JWU9gebirH3RCml7JEBSK4pNPw9aavq92ntfsJLiCYB\", width = 1024)","ChIJLYGSDq1C1moRjaITAwWr2f8",2,3.7,"ChIJLYGSDq1C1moRjaITAwWr2f8","c(\"restaurant\", \"bar\", \"food\", \"point_of_interest\", \"establishment\")",130,-37.8233959,144.9633395,-37.8219760701073,144.964703329893,-37.8246757298927,144.962003670107,TRUE,"5XG7+J8 Southbank, Victoria","4RJ65XG7+J8"
"OPERATIONAL","645 Freshwater Pl, Southbank VIC 3006, Australia","https://maps.gstatic.com/mapfiles/place_api/icons/v1/png_71/restaurant-71.png","#FF9E67","https://maps.gstatic.com/mapfiles/place_api/icons/v2/restaurant_pinlet","Criniti's Southbank","list(height = 733, html_attributions = list(\"<a href=\\"https://maps.google.com/maps/contrib/104354750084458173782\\">Criniti&#39;s Southbank</a>\"), photo_reference = \"ATJ83zgs98OL6rfW2zijlR7K0Ds8kJgmpd8L4NODgY3QFXA7V8MKezm6ro-6JvSFLvN-HYTIR8n6GBuah9Ulo4WOPbMQ0q4lzQCt6DqC0lb8hne5YrUFINaUOhI4b6U_fzJJVEuZ52D2wSjqsfFCm4egGAHlor4Z5l03vtM-fQpBQWHZuSYm\", width = 1100)","ChIJ0w7Po7JC1moRkfnUvgHePjQ",3,3.4,"ChIJ0w7Po7JC1moRkfnUvgHePjQ","c(\"restaurant\", \"food\", \"point_of_interest\", \"establishment\")",2921,-37.8214199,144.9622424,-37.8199002701073,144.963348729893,-37.8225999298927,144.960649070107,TRUE,"5XH6+CV Southbank, Victoria","4RJ65XH6+CV"
"OPERATIONAL","2/4 Riverside Quay, Southbank VIC 3006, Australia","https://maps.gstatic.com/mapfiles/place_api/icons/v1/png_71/restaurant-71.png","#FF9E67","https://maps.gstatic.com/mapfiles/place_api/icons/v2/restaurant_pinlet","Soho Restaurant and Bar","list(height = 534, html_attributions = list(\"<a href=\\"https://maps.google.com/maps/contrib/105398984786041683490\\">Soho Restaurant and Bar</a>\"), photo_reference = \"ATJ83ziY4Bt3M26yDLoMMaQ6TgySyy-KO4V4MTb4xRQZTY9n4ZhsZshzc98hRwaxKE8TvSrKzDulRR8hM3LZDmgmehTE9_e7_69vOWFubxA1x1-1WHv3TQwbFb5XyOnEMIT0k2chNQmTLqKQF2H8HApPDJPbLavL6hZpO-iaW_ySf6cqLb16\", width = 800)","ChIJ2d9nj7JC1moRvdqDm0DSNCQ",2,4,"ChIJ2d9nj7JC1moRvdqDm0DSNCQ","c(\"restaurant\", \"bar\", \"food\", \"point_of_interest\", \"establishment\")",1904,-37.8207812,144.9632448,-37.8196806701073,144.964889029893,-37.8223803298927,144.962189370107,TRUE,"5XH7+M7 Southbank, Victoria","4RJ65XH7+M7"
"OPERATIONAL","6 Riverside Quay, Southbank VIC 3006, Australia","https://maps.gstatic.com/mapfiles/place_api/icons/v1/png_71/restaurant-71.png","#FF9E67","https://maps.gstatic.com/mapfiles/place_api/icons/v2/restaurant_pinlet","Asado","list(height = 4331, html_attributions = list(\"<a href=\\"https://maps.google.com/maps/contrib/107471591714765275241\\">A Google User</a>\"), photo_reference = \"ATJ83zhNl93jNS3StG2s-VNdWomkxIGQ7857Pq1QvX4hLNQNC6LjWzt2E8gdqt2QWVC9zmgUAk07Sfrvux5nQ5GzdPDFlO9cHj-OvHtCv21-uLKSzVP2UoQ64HlgIYW7b1OeLh8kqOnHyb1ipgug9n_GNNkHkatBzMMWKE8b_aJ85KInEJse\", width = 6496)","ChIJ4xaW-AJD1moR-4fAxvspuR0",3,4.4,"ChIJ4xaW-AJD1moR-4fAxvspuR0","c(\"bar\", \"restaurant\", \"food\", \"point_of_interest\", \"establishment\")",2062,-37.8208984,144.9640633,-37.8197073201073,144.965651579893,-37.8224069798927,144.962951920107,TRUE,"5XH7+JJ Southbank, Victoria","4RJ65XH7+JJ"
"OPERATIONAL","26 Southgate Ave, Southbank VIC 3006, Australia","https://maps.gstatic.com/mapfiles/place_api/icons/v1/png_71/restaurant-71.png","#FF9E67","https://maps.gstatic.com/mapfiles/place_api/icons/v2/restaurant_pinlet","Jarrah Restaurant & Bar","list(height = 3024, html_attributions = list(\"<a href=\\"https://maps.google.com/maps/contrib/107673328682031462394\\">Debi Slinger</a>\"), photo_reference = \"ATJ83ziXyP9Qmrx1qYipvv5XShUvT4zuFKl6vRs0WSXSE_lPIcl6HD0lxQ3UDfjkfch3tZ7LzuCx33-TaKRvMqHMOdkeQzp4Mmp99hHkTF9NBfhPn_HQv3lDuLuAXly6LR_DxDDNhGJ-T0ILr9c5ZbNnvRACGomjpe1ahUn4uCpp4chPMxis\", width = 4032)","ChIJJXFPe7FC1moR0iR-cRU7_F0",1,4.2,"ChIJJXFPe7FC1moR0iR-cRU7_F0","c(\"restaurant\", \"bar\", \"food\", \"point_of_interest\", \"establishment\")",29,-37.8202763,144.9671612,-37.8188668201073,144.968486879893,-37.8215664798927,144.965787220107,TRUE,"5XH8+VV Southbank, Victoria","4RJ65XH8+VV"
"OPERATIONAL","Crown Casino, 8 Whiteman St, Southbank VIC 3006, Australia","https://maps.gstatic.com/mapfiles/place_api/icons/v1/png_71/bar-71.png","#FF9E67","https://maps.gstatic.com/mapfiles/place_api/icons/v2/bar_pinlet","Rockpool Bar & Grill","list(height = 3024, html_attributions = list(\"<a href=\\"https://maps.google.com/maps/contrib/113981382473002030318\\">B C</a>\"), photo_reference = \"ATJ83zgU46LVRtpbpQyG5eKsMz1dUHbiKaL1IusROFYEsKwx_RZv9iwCz8H9fy8_GNTXQ9w5ER-9e35DRHVxEWih3dCGYtocLHAgm8CCTkjCUJjVutkmt7nIYD-SXuYGHbYTQC8ZwXuv56TWGtCoxqVqwdx_RKWpXETIfBXzRWhiUpNmDE_n\", width = 4032)","ChIJs-Q2IlNd1moRXYbJPnkbnjY",4,4.1,"ChIJs-Q2IlNd1moRXYbJPnkbnjY","c(\"bar\", \"restaurant\", \"food\", \"point_of_interest\", \"establishment\")",1849,-37.8218482,144.96027,-37.8211396701073,144.961644679893,-37.8238393298927,144.958945020107,TRUE,"5XH6+74 Southbank, Victoria","4RJ65XH6+74"
"OPERATIONAL","Southgate Arts & Leisure Precinct, Shop, UR2/3 Southgate Ave, Southbank VIC 3006, Australia","https://maps.gstatic.com/mapfiles/place_api/icons/v1/png_71/restaurant-71.png","#FF9E67","https://maps.gstatic.com/mapfiles/place_api/icons/v2/restaurant_pinlet","Miyako Japanese Cuisine & Teppanyaki","list(height = 3024, html_attributions = list(\"<a href=\\"https://maps.google.com/maps/contrib/100432896463694021310\\">John Tayler</a>\"), photo_reference = \"ATJ83zi2x_3iNq5lAKNmQRPpC2MtTx5IwnzSh0rA20zpr1wvairOBe89RtnA0jVS0kD1XSRpafpdepkdhTUktdX_qh976QFbVt2LB0PRWlN0Z8C9cIHgCrKrTKt0i-sdcGVGdn6IKvZFPe0a2KNQk_zolEmHTxhA5RHaVG5AE18ANiSkoPU4\", width = 4032)","ChIJ4QDlhK1C1moRHe7gAH08xSo",2,4.1,"ChIJ4QDlhK1C1moRHe7gAH08xSo","c(\"restaurant\", \"meal_takeaway\", \"food\", \"point_of_interest\", \"establishment\")",513,-37.8201378,144.9665086,-37.8191722701073,144.967552679893,-37.8218719298927,144.964853020107,TRUE,"5XH8+WJ Southbank, Victoria","4RJ65XH8+WJ"
"OPERATIONAL","Crown Riverwalk, Crown Melbourne, 8 Whiteman St, Southbank VIC 3006, Australia","https://maps.gstatic.com/mapfiles/place_api/icons/v1/png_71/restaurant-71.png","#FF9E67","https://maps.gstatic.com/mapfiles/place_api/icons/v2/restaurant_pinlet","Rosetta Ristorante","list(height = 966, html_attributions = list(\"<a href=\\"https://maps.google.com/maps/contrib/114247032184063224295\\">Mike Hiwaymann</a>\"), photo_reference = \"ATJ83zgouWe57Cs_d_c92zTOedUEd_h9gJhIMmzmAYUeYmlPMjydjdndKiXlT5J-ryTPCmXHl0-gCNK6VJnYg7mvlWrwdcRUTB3IKripbE78tkXiqFUxcxl12kFZr7tD8Rz-aAT8Exo7pGVUA8Dujpy_t71hSExGGvP3O7Lg3S9-mcL4FlW9\", width = 1447)","ChIJuf4fgVNd1moRCOxhBhnDtyM",2,4,"ChIJuf4fgVNd1moRCOxhBhnDtyM","c(\"restaurant\", \"food\", \"point_of_interest\", \"establishment\")",595,-37.8215883,144.9605757,-37.8208164,144.961862279893,-37.823904,144.959162620107,TRUE,"5XH6+96 Southbank, Victoria","4RJ65XH6+96"
"OPERATIONAL","Level 3, Crown Towers, 8 Whiteman St, Southbank VIC 3006, Australia","https://maps.gstatic.com/mapfiles/place_api/icons/v1/png_71/restaurant-71.png","#FF9E67","https://maps.gstatic.com/mapfiles/place_api/icons/v2/restaurant_pinlet","Koko","list(height = 286, html_attributions = list(\"<a href=\\"https://maps.google.com/maps/contrib/108784447715896327007\\">Koko</a>\"), photo_reference = \"ATJ83zgFay3FWEF1lVvtkwL5OXjiaFWldlrecf2E8mKw0Q73I-AUrEWzQkkiVAx5ll84yUHofvfP1EvAjZNHhk64FttPgx1PhKRQp5z31SIo5sRASZqbE91GvRzncvHkZ8U47IzjqtnEE8rdLeXen3Q7G8eFV0eS_e7WOotPKROOlPHC4PTw\", width = 534)","ChIJs-Q2IlNd1moRcLgzy7bPCDQ",3,4.3,"ChIJs-Q2IlNd1moRcLgzy7bPCDQ","c(\"bar\", \"restaurant\", \"food\", \"point_of_interest\", \"establishment\")",553,-37.8220786,144.9598287,-37.8207588201073,144.961227229893,-37.8234584798927,144.958527570107,TRUE,"5XH5+5W Southbank, Victoria","4RJ65XH5+5W"
"OPERATIONAL","67-69 Coventry St, Southbank VIC 3006, Australia","https://maps.gstatic.com/mapfiles/place_api/icons/v1/png_71/restaurant-71.png","#FF9E67","https://maps.gstatic.com/mapfiles/place_api/icons/v2/restaurant_pinlet","Ayam Chef","list(height = 3024, html_attributions = list(\"<a href=\\"https://maps.google.com/maps/contrib/118318357460172854731\\">xuanart lee</a>\"), photo_reference = \"ATJ83ziSaX_UvySBYXoFWl24vFENgUo10f5-yRES7CoD4Kj_Jk-wsfsgDwrYAnEYl0PmsnycyPrGo6Gri-CBbGAwhLs1mcyobOASgptxn9rvujNcGq9uHXkUKIr5xz8pLMhs_F0OYyXQSGl_sJz079aAhsZMhx_GG6U35PqWJLBwSI1O7yo5\", width = 4032)","ChIJLVH3bKlC1moRx3TW_R-cYnw",1,4.4,"ChIJLVH3bKlC1moRx3TW_R-cYnw","c(\"restaurant\", \"food\", \"point_of_interest\", \"establishment\")",766,-37.8297918,144.9679135,-37.8283791201073,144.969229429893,-37.8310787798927,144.966529770107,TRUE,"5XC9+35 Southbank, Victoria","4RJ65XC9+35"
"OPERATIONAL","GR3A/3 Southgate Ave, Southbank VIC 3006, Australia","https://maps.gstatic.com/mapfiles/place_api/icons/v1/png_71/restaurant-71.png","#FF9E67","https://maps.gstatic.com/mapfiles/place_api/icons/v2/restaurant_pinlet","BearBrass","list(height = 533, html_attributions = list(\"<a href=\\"https://maps.google.com/maps/contrib/104054658831043706225\\">BearBrass</a>\"), photo_reference = \"ATJ83zivjIhflnY-tgyn10e1NDvvGOi-Th1WF-NNvjJA-mSiJ3ivvfy_AcHM2yTNePIO6QNYl4Cc8RR9jWR_zFpPXMFzmOZNUt6AxB8cUx3cJ_DhJn8kFrFT2bDhA8iFFJ8Lyg50khYoC7La7TORzry_3tvuDl76UxaPcxpF8NQHsE2m4S6U\", width = 799)","ChIJgZOibbFC1moRMjs9MlqIuIc",2,4,"ChIJgZOibbFC1moRMjs9MlqIuIc","c(\"restaurant\", \"bar\", \"food\", \"point_of_interest\", \"establishment\")",984,-37.8201819,144.9658567,-37.8189770201073,144.966889429893,-37.8216766798927,144.964189770107,TRUE,"5XH8+W8 Southbank, Victoria","4RJ65XH8+W8"
"OPERATIONAL","8, Riverside, Crown Melbourne, Whiteman St, Southbank VIC 3006, Australia","https://maps.gstatic.com/mapfiles/place_api/icons/v1/png_71/restaurant-71.png","#FF9E67","https://maps.gstatic.com/mapfiles/place_api/icons/v2/restaurant_pinlet","Bistro Guillaume","list(height = 3024, html_attributions = list(\"<a href=\\"https://maps.google.com/maps/contrib/110041026853148263042\\">Jason Hon</a>\"), photo_reference = \"ATJ83ziIs59SO8h66ytt9zXzly7kjhzdIrtLZ1P9MEygJLBywwLzGmS1X4OlJxGaFqn867tFOLI-fy94yXfj37zY29heImlv5RTLFmP9v25J1hjHwyr136bSkkOs9lTFIlD-mHKjnbS_SKvS3tSb4w5DsOruDdp7zXTBIuMbuxZ3Q2iqAZMY\", width = 4032)","ChIJs-Q2IlNd1moRkCphqzaZs1Q",3,4,"ChIJs-Q2IlNd1moRkCphqzaZs1Q","c(\"restaurant\", \"food\", \"point_of_interest\", \"establishment\")",671,-37.8221868,144.9594149,-37.8210473701073,144.960202379893,-37.8237470298927,144.957502720107,TRUE,"5XH5+4Q Southbank, Victoria","4RJ65XH5+4Q"
"OPERATIONAL","4/4 Riverside Quay, Southbank VIC 3006, Australia","https://maps.gstatic.com/mapfiles/place_api/icons/v1/png_71/restaurant-71.png","#FF9E67","https://maps.gstatic.com/mapfiles/place_api/icons/v2/restaurant_pinlet","Thailander Riverside Quay","list(height = 3024, html_attributions = list(\"<a href=\\"https://maps.google.com/maps/contrib/111414462359656633988\\">Sovanna Sam</a>\"), photo_reference = \"ATJ83zj-bvbmebXzPZqMN_KKBzp3aCU4X-YUJzVHcPiiDKChpliHkbUnzbRYbp3amyV68lOQcKfoXVWyg4_Vh4QSLOOkMn5KzE1bpWy42F6LgPjLY18kCRA2WtnU8YYRuwJyYLGIZDLhpPx4o5lsgLUYrzzKCLnLL1z0KVY5TbcdF3lseVJB\", width = 4032)","ChIJdQILjrJC1moRkAesYODW0jk",NA,3.8,"ChIJdQILjrJC1moRkAesYODW0jk","c(\"restaurant\", \"food\", \"point_of_interest\", \"establishment\")",151,-37.8211391,144.9633121,-37.8199873701073,144.964750129893,-37.8226870298927,144.962050470107,TRUE,"5XH7+G8 Southbank, Victoria","4RJ65XH7+G8"
"OPERATIONAL","MR5/3 Southgate Ave, Southbank VIC 3006, Australia","https://maps.gstatic.com/mapfiles/place_api/icons/v1/png_71/bar-71.png","#FF9E67","https://maps.gstatic.com/mapfiles/place_api/icons/v2/bar_pinlet","Hophaus Bar","list(height = 853, html_attributions = list(\"<a href=\\"https://maps.google.com/maps/contrib/111025825572882218953\\">Hophaus Bier Bar Grill</a>\"), photo_reference = \"ATJ83zgwJxJyW_A7lgSShMEabpUjtZPsXm1q437-VKSAsVIbW-23k6cM-uaQ5ohVQnPDK9z_Mwc8R7ew2kfZCFPvxbP2LinZa_B8h-jjGd-ZyXasLLojGxCX72L2mQSTvsbBVLIsJ-s5W-g_04C10pCSxBYN0TUtFM_vFDxwqmKgYc9ZBYHk\", width = 1280)","ChIJn6qqqq1C1moRI9ElnYJOHZ8",2,4,"ChIJn6qqqq1C1moRI9ElnYJOHZ8","c(\"bar\", \"restaurant\", \"food\", \"point_of_interest\", \"establishment\")",1018,-37.820243,144.965657,-37.8190918201073,144.966900079893,-37.8217914798927,144.964200420107,TRUE,"5XH8+W7 Southbank, Victoria","4RJ65XH8+W7"
"OPERATIONAL","Southgate Precinct, 20/3 Southgate Ave, Southbank VIC 3006, Australia","https://maps.gstatic.com/mapfiles/place_api/icons/v1/png_71/restaurant-71.png","#FF9E67","https://maps.gstatic.com/mapfiles/place_api/icons/v2/restaurant_pinlet","Waterfront Southgate","list(height = 4000, html_attributions = list(\"<a href=\\"https://maps.google.com/maps/contrib/106161907388621746351\\">Bob Jorett</a>\"), photo_reference = \"ATJ83zi2HL55dQUR2cQCD_kSYK5iN1Muhe3orJTfLxI7uz2_D2wuDXznWn8Ie9QWzHO7_N-ecCvKgZbpmxniFrT1KnoC9T3RhtnvaJz83NsmdWK2HlWpM3WxCsvwBdZumQivVxZ_kg-5Y2D6FXTz3b_fbiQUarE194c5S3gcHJWsp1fmPMju\", width = 3000)","ChIJs-Q2IlNd1moRupUM9Le77E4",3,4.3,"ChIJs-Q2IlNd1moRupUM9Le77E4","c(\"restaurant\", \"food\", \"point_of_interest\", \"establishment\")",1068,-37.8202217,144.9656542,-37.8190811701073,144.966875029893,-37.8217808298927,144.964175370107,TRUE,"5XH8+W7 Southbank, Victoria","4RJ65XH8+W7"
"OPERATIONAL","Crown Riverwalk, Crown Melbourne, 8 Whiteman St, Southbank VIC 3006, Australia","https://maps.gstatic.com/mapfiles/place_api/icons/v1/png_71/restaurant-71.png","#FF9E67","https://maps.gstatic.com/mapfiles/place_api/icons/v2/restaurant_pinlet","Nobu","list(height = 4032, html_attributions = list(\"<a href=\\"https://maps.google.com/maps/contrib/110724094447988634742\\">Samuel Lai</a>\"), photo_reference = \"ATJ83zg4mzlt7wCIP9RVL0G4hG5PVe4AiI7no_Bh4y9tjN42dz9z5vXTj4a4CHsRq9ng5McYK01kTXb89ebH8UPFEVtcT-eG5vDay2qphA9MSi6dhGRweXTa_lK5RNm11qA011z0u324K-lmnE3KeDSTFVV-J7EwK_VnmMQdwAdQ95Dcrvrb\", width = 3024)","ChIJs-Q2IlNd1moRSMORcPpPc54",4,3.9,"ChIJs-Q2IlNd1moRSMORcPpPc54","c(\"restaurant\", \"food\", \"point_of_interest\", \"establishment\")",1215,-37.8220682,144.959651,-37.8207439701073,144.961021529893,-37.8234436298927,144.958321870107,TRUE,"5XH5+5V Southbank, Victoria","4RJ65XH5+5V"
"OPERATIONAL","8 Whiteman St, Southbank VIC 3006, Australia","https://maps.gstatic.com/mapfiles/place_api/icons/v1/png_71/restaurant-71.png","#FF9E67","https://maps.gstatic.com/mapfiles/place_api/icons/v2/restaurant_pinlet","Gradi at Crown Melbourne","list(height = 3000, html_attributions = list(\"<a href=\\"https://maps.google.com/maps/contrib/103605362692066758521\\">Edwar Kartio</a>\"), photo_reference = \"ATJ83zgNZ6Y84X0hKvSt4NquL2IcPSv6DLy6ZFGt9szHPb4O879tC2QhUKGIbhVB-lDyhmEEUg76NqdJYI4KG6rmVVXuAmtYN5BHx9Tstig_ndOjglhf2ZWco3nwVC6I_xf12fu53v90mgGEwd-Z0L9xq7ZO75ntuKLIIWyK1Bbu0UsrogRv\", width = 4000)","ChIJuf4fgVNd1moRohOMs6SuXCY",3,4.2,"ChIJuf4fgVNd1moRohOMs6SuXCY","c(\"restaurant\", \"food\", \"point_of_interest\", \"establishment\")",3027,-37.8227725,144.9583346,-37.8213451701073,144.959725829893,-37.8240448298927,144.957026170107,TRUE,"5XG5+V8 Southbank, Victoria","4RJ65XG5+V8"
"OPERATIONAL","Crown Riverwalk, Crown Melbourne, 28/8 Whiteman Street, Southbank VIC 3006, Australia","https://maps.gstatic.com/mapfiles/place_api/icons/v1/png_71/restaurant-71.png","#FF9E67","https://maps.gstatic.com/mapfiles/place_api/icons/v2/restaurant_pinlet","Cervo","list(height = 3000, html_attributions = list(\"<a href=\\"https://maps.google.com/maps/contrib/104780646457931338490\\">sulimc</a>\"), photo_reference = \"ATJ83zgXiAp8EeC43In3x8ULurwEXkBX2RhqVJyYGoTn-FsnQ4YhbXn_LAEy-525dgj6xsUJ241Xd_Yo1fdqZ_tiFdOsLWxWplBSur2I16aPngCQduS27HpOUSkXEBVqkYSdhcVqX_aS-Z1Pp3VxqTPmkUTNpzc5PHndoP5oVEQtknBj1THx\", width = 4000)","ChIJs-Q2IlNd1moRWMeetOC96a8",2,3.6,"ChIJs-Q2IlNd1moRWMeetOC96a8","c(\"cafe\", \"restaurant\", \"food\", \"point_of_interest\", \"establishment\")",558,-37.823093,144.957826,-37.8215190701073,144.959414079893,-37.8242187298927,144.956714420107,TRUE,"5XG5+Q4 Southbank, Victoria","4RJ65XG5+Q4"
"OPERATIONAL","M10/3 Southgate Ave, Southbank VIC 3006, Australia","https://maps.gstatic.com/mapfiles/place_api/icons/v1/png_71/restaurant-71.png","#FF9E67","https://maps.gstatic.com/mapfiles/place_api/icons/v2/restaurant_pinlet","Red Emperor (Southgate) Chinese Restaurant","list(height = 3024, html_attributions = list(\"<a href=\\"https://maps.google.com/maps/contrib/104431736434060807527\\">Daniel Soo</a>\"), photo_reference = \"ATJ83zhscgf94wPr5kVGyi_XXCtpMA4XrOAYGOWNkPLiHm_Nv-ovSSCNGHKFT-g2AIACLLuDMgW_RJewFuK7kRNP78fUkxifeFjg1chxhxUGGfpBTidkj3_wxrN5wXK4cHsuVRrg6Xxa5DikFarMjxIZaN0eLoautKwlCTuaKmCo12KDS-tc\", width = 4032)","ChIJgZOibbFC1moREGFW5OuNjPk",2,4,"ChIJgZOibbFC1moREGFW5OuNjPk","c(\"meal_delivery\", \"restaurant\", \"food\", \"point_of_interest\", \"establishment\")",657,-37.8200814,144.9664159,-37.8191530701073,144.967521279893,-37.8218527298927,144.964821620107,TRUE,"5XH8+XH Southbank, Victoria","4RJ65XH8+XH"
"OPERATIONAL","250 City Rd, Southbank VIC 3006, Australia","https://maps.gstatic.com/mapfiles/place_api/icons/v1/png_71/restaurant-71.png","#FF9E67","https://maps.gstatic.com/mapfiles/place_api/icons/v2/restaurant_pinlet","Burgertory (Southbank)","list(height = 4032, html_attributions = list(\"<a href=\\"https://maps.google.com/maps/contrib/117221308045554216112\\">Arvin Wiyono</a>\"), photo_reference = \"ATJ83zgn7F_K5o1vTvu-8u-nI-FRAiYWURaq9pJ5Tk4nSmvJBycpXhVPk4erhycQjuD1DIA3lGcPwre1kPerl51ouZoHn5KrlTDEPYw9WNGiqdirnby-6SPpV-w2Z0jjKKlC4gkGZJAsuFa6GsuGh3tozzTz1XEtWVMoXnN7Xe8j1okFsYoj\", width = 3024)","ChIJd4zT385d1moRRz55NO5nKSE",2,4.2,"ChIJd4zT385d1moRRz55NO5nKSE","c(\"restaurant\", \"food\", \"point_of_interest\", \"establishment\")",403,-37.8258126,144.9597669,-37.8244155701073,144.961111279893,-37.8271152298927,144.958411620107,TRUE,"5XF5+PV Southbank, Victoria","4RJ65XF5+PV"
"OPERATIONAL","Crown Melbourne, Crown Towers, Level 1/8 Whiteman St, Southbank VIC 3006, Australia","https://maps.gstatic.com/mapfiles/place_api/icons/v1/png_71/restaurant-71.png","#FF9E67","https://maps.gstatic.com/mapfiles/place_api/icons/v2/restaurant_pinlet","Conservatory","list(height = 2736, html_attributions = list(\"<a href=\\"https://maps.google.com/maps/contrib/105860548483843335153\\">Shereen Yeo</a>\"), photo_reference = \"ATJ83zgN-Ic-J4Uzrz03sWqPO-0TY6BJes4ggb5DBlmQ5Zpp6_EX-2GoFt4_vRq2dy1cplcb-Iu948DexVmOedGxB38CixOzzEQwemMn-3jl_kLZgG5nxyMVQUawKlDjy4Ni2-MtvgR-gtOaJ8xRisgCz9D4pnnHWZW01dbeJWWT3pHCuUs0\", width = 3648)","ChIJs-Q2IlNd1moRGGzNOjgw9Hg",3,4.3,"ChIJs-Q2IlNd1moRGGzNOjgw9Hg","c(\"restaurant\", \"food\", \"point_of_interest\", \"establishment\")",2062,-37.82242,144.9594709,-37.82165495,144.960503979893,-37.82456155,144.957804320107,TRUE,"5XH5+2Q Southbank, Victoria","4RJ65XH5+2Q"
"OPERATIONAL","Crown Entertainment Complex, 8 Whiteman St, Southbank VIC 3006, Australia","https://maps.gstatic.com/mapfiles/place_api/icons/v1/png_71/restaurant-71.png","#FF9E67","https://maps.gstatic.com/mapfiles/place_api/icons/v2/restaurant_pinlet","Man Tong Kitchen","list(height = 2268, html_attributions = list(\"<a href=\\"https://maps.google.com/maps/contrib/100622502206917250723\\">George Torouno</a>\"), photo_reference = \"ATJ83zj2cgoZTKdE16D9U7cbYDWa-D0lHhFL6UfIHsTRlPv0f7R6G4sruiBO4bwschEGClxjGJTNzbtvx5KwwctP9V08Xj_DxJkkGYbFPBl4ruBzP-LhMsJ-Dp04I2KyOYKjIi0Kmfdl4fJQRm-bXrEKzqkYY1mWGJ4olrUgkW5qjfJ6lc_-\", width = 4032)","ChIJG2V9klNd1moRPQYIb3q-5EQ",1,3.2,"ChIJG2V9klNd1moRPQYIb3q-5EQ","c(\"bar\", \"restaurant\", \"food\", \"point_of_interest\", \"establishment\")",443,-37.8234367,144.9580861,-37.8223648201073,144.959708379893,-37.8250644798927,144.957008720107,TRUE,"5XG5+J6 Southbank, Victoria","4RJ65XG5+J6"
"OPERATIONAL","Cnr Southbank Boulevard &, 31 Sturt St, Southbank VIC 3006, Australia","https://maps.gstatic.com/mapfiles/place_api/icons/v1/png_71/restaurant-71.png","#FF9E67","https://maps.gstatic.com/mapfiles/place_api/icons/v2/restaurant_pinlet","Blondie Bar","list(height = 3280, html_attributions = list(\"<a href=\\"https://maps.google.com/maps/contrib/113022441817836338844\\">Blondie Bar</a>\"), photo_reference = \"ATJ83zjGntdboBsjlIutgoyCOwcOPxspdj1h4OeZOEC_12KxA1CrcXXtN3UjXeeckakzL7e4T54KToP4QXapTrMHKNclZQ1jZaDDOjVS7ehE1jvGEbEk8AfGoFVK8aH73JOZLBZJRJwgIOk2phk3elAEFS-SgLY_fan35vUBoNVf-tUFNLQs\", width = 4928)","ChIJ4-k_G65C1moRX3g97je74tA",2,4.1,"ChIJ4-k_G65C1moRX3g97je74tA","c(\"restaurant\", \"night_club\", \"meal_takeaway\", \"bar\", \"park\", \"food\", \"point_of_interest\", \"establishment\")",263,-37.8238338,144.9678462,-37.8223573201073,144.969104829893,-37.8250569798927,144.966405170107,TRUE,"5XG9+F4 Southbank, Victoria","4RJ65XG9+F4"
"OPERATIONAL","12/89 City Rd, Southbank VIC 3006, Australia","https://maps.gstatic.com/mapfiles/place_api/icons/v1/png_71/restaurant-71.png","#FF9E67","https://maps.gstatic.com/mapfiles/place_api/icons/v2/restaurant_pinlet","Southbank Noodle Bar","list(height = 1146, html_attributions = list(\"<a href=\\"https://maps.google.com/maps/contrib/116937787628555939395\\">Angel Khong</a>\"), photo_reference = \"ATJ83zjoqmCmuoLZWDE4QPPX7UNcZNZdORixqtqXs7bw0um3WTwFzyUOdcDNgGCNbeEVGWzwhDaDN30Mr-0LTH84RbKziwKyP7ep2i7wBFt8X_1EDVEYSdgGk5lcCTjI0Eunr2vw8DSj12NkhMOoTnd_BwFXC-_VA_XEpgy-x7UnASdxtvnT\", width = 1173)","ChIJaThpTshC1moRHUu5_bXML2A",1,4.1,"ChIJaThpTshC1moRHUu5_bXML2A","c(\"restaurant\", \"food\", \"point_of_interest\", \"establishment\")",96,-37.8225212,144.9651031,-37.8210593701073,144.966378979893,-37.8237590298927,144.963679320107,TRUE,"5XG8+X2 Southbank, Victoria","4RJ65XG8+X2"
"OPERATIONAL","100 St Kilda Rd, Southbank VIC 3004, Australia","https://maps.gstatic.com/mapfiles/place_api/icons/v1/png_71/restaurant-71.png","#FF9E67","https://maps.gstatic.com/mapfiles/place_api/icons/v2/restaurant_pinlet","Saké Restaurant & Bar","list(height = 2988, html_attributions = list(\"<a href=\\"https://maps.google.com/maps/contrib/103128055224891003675\\">황규택</a>\"), photo_reference = \"ATJ83zjJeUFoDFtzuSCpTJs59oa788htM6-S-y4KXR4J9GZLSAgeVMujJETYe8X53JrUHTadnSpks8avl4KguEQKWVfznqZO6yPpwxLjEgZLS4hXdHFkJYmHOVYVibgRjGEr75JvMC-9CKm_oPayu_2uZBiC5ltzXzATRD4Pidy_ziFsDsNg\", width = 5312)","ChIJNU4yR7FC1moRjYwkSIJQblo",3,4.2,"ChIJNU4yR7FC1moRjYwkSIJQblo","c(\"restaurant\", \"food\", \"point_of_interest\", \"establishment\")",601,-37.8199177,144.9677708,-37.8184818201073,144.969447179893,-37.8211814798927,144.966747520107,TRUE,"5XJ9+24 Southbank, Victoria","4RJ65XJ9+24"
"OPERATIONAL","Southbank Promenade, Southbank VIC 3006, Australia","https://maps.gstatic.com/mapfiles/place_api/icons/v1/png_71/restaurant-71.png","#FF9E67","https://maps.gstatic.com/mapfiles/place_api/icons/v2/restaurant_pinlet","Yarra Botanica","list(height = 1281, html_attributions = list(\"<a href=\\"https://maps.google.com/maps/contrib/116479476415228629970\\">A Google User</a>\"), photo_reference = \"ATJ83zgNT9jAuKsey7Zh7kG4oTWkyX1pEPtT_WwXsVWx3xFwpNdoC2hUaZAExFbnZQQ_pEvwJmmnkOwy5sm-0Ye8ZE1NE2TyrZsh542v9qF1GYuUxMh1K_7tUt_KakVzXtvzTO3RH6hHRObjUgyF7J6YjXlyeIlUSIUJHd-Ae8eMpEkRLBI-\", width = 1920)","ChIJ36msuKFD1moRRp5EwQvZODQ",2,4.2,"ChIJ36msuKFD1moRRp5EwQvZODQ","c(\"restaurant\", \"bar\", \"food\", \"point_of_interest\", \"establishment\")",944,-37.8203048,144.9635772,-37.8195161201073,144.965093679893,-37.8222157798927,144.962394020107,TRUE,"5XH7+VC Southbank, Victoria","4RJ65XH7+VC"
"OPERATIONAL","3/4 Riverside Quay, Southbank VIC 3006, Australia","https://maps.gstatic.com/mapfiles/place_api/icons/v1/png_71/restaurant-71.png","#FF9E67","https://maps.gstatic.com/mapfiles/place_api/icons/v2/restaurant_pinlet","Infinite Wasabi","list(height = 2250, html_attributions = list(\"<a href=\\"https://maps.google.com/maps/contrib/110454692058014110729\\">Laurent 93800</a>\"), photo_reference = \"ATJ83zhGC-WimbmIOj73N6zOaHO92tu3sjSZtBuo-GJgWIXCNJqSMJSlHyMska8zQnqM9J_Z0xOE-KAVMNT2hte6_pXxzZjeSauYFZjdLCQFIdeOJBg5JBRiSLNZOW6hDiKZsHK83dx2OspKe4YygY3Z3f13uDqoxeeT5YpLAjwZMvlRlDMt\", width = 4000)","ChIJQX_3jbJC1moRwI-QdZK3f3g",4.7,"ChIJQX_3jbJC1moRwI-QdZK3f3g","c(\"restaurant\", \"food\", \"point_of_interest\", \"establishment\")",254,NA,-37.8210698,144.9632597,-37.8199553701073,144.964714379893,-37.8226550298927,144.962014720107,TRUE,"5XH7+H8 Southbank, Victoria","4RJ65XH7+H8"
"OPERATIONAL","Power Street Reserve, 8 Whiteman St, Southbank VIC 3006, Australia","https://maps.gstatic.com/mapfiles/place_api/icons/v1/png_71/restaurant-71.png","#FF9E67","https://maps.gstatic.com/mapfiles/place_api/icons/v2/restaurant_pinlet","Mesh Restaurant","list(height = 3120, html_attributions = list(\"<a href=\\"https://maps.google.com/maps/contrib/116857007344126428694\\">Matt Hayden</a>\"), photo_reference = \"ATJ83zg6Z9fMlaKwm-zlwTD6mhJ5IgFOFhtUirafbB8PL_ic32csNVOBG0QgBQU9ZX3zt0C3dFnc47UTZ4naAwD1eoLJQBsJcw63TABJdjZybl3Ijsaoxp2Cp2ei-G23h8CyPxFgdAhfaXyBSj8XBxeEPiYwczDSt_mipfr20GlmuJ6laROu\", width = 4160)","ChIJs-Q2IlNd1moRS42RKE6g7k8",4.2,"ChIJs-Q2IlNd1moRS42RKE6g7k8","c(\"restaurant\", \"food\", \"point_of_interest\", \"establishment\")",10,2,-37.8238322,144.9603312,-37.8223257701073,144.961490129893,-37.8250254298927,144.958790470107,FALSE,"5XG6+F4 Southbank, Victoria","4RJ65XG6+F4"
"OPERATIONAL","Eureka Tower, Level 89/7 Riverside Quay, Southbank VIC 3006, Australia","https://maps.gstatic.com/mapfiles/place_api/icons/v1/png_71/restaurant-71.png","#FF9E67","https://maps.gstatic.com/mapfiles/place_api/icons/v2/restaurant_pinlet","Eureka 89","list(height = 1365, html_attributions = list(\"<a href=\\"https://maps.google.com/maps/contrib/114488797257361823834\\">A Google User</a>\"), photo_reference = \"ATJ83zjHjV7oIdoZ22tBkzxyp7_22hdIQ3mxjuYb08T8L5T5AY9hePaULzQUNTiGCm0tsG59gTfFqWSuaYogSQ2FQ8HKzStSwF58C6WH7RPbIatvucEGZstcG8Rfy8mcBERdOo6Fk2bsrIv3jpsGvMupf2QExTZLgGaQYR7ntJnMfkSCPram\", width = 2048)","ChIJZ-xZZrJC1moRuDmVvlWC5fM",4.7,"ChIJZ-xZZrJC1moRuDmVvlWC5fM","c(\"restaurant\", \"bar\", \"food\", \"point_of_interest\", \"establishment\")",958,3,-37.8213341,144.9646982,-37.8201668201073,144.965746479893,-37.8228664798927,144.963046820107,NA,"5XH7+FV Southbank, Victoria","4RJ65XH7+FV"
"OPERATIONAL","4 Riverside Quay, Southbank VIC 3006, Australia","https://maps.gstatic.com/mapfiles/place_api/icons/v1/png_71/restaurant-71.png","#FF9E67","https://maps.gstatic.com/mapfiles/place_api/icons/v2/restaurant_pinlet","Waterfront Dining Brisbane","NULL","ChIJdyhPUdRD1moRGxyrOT-HpwA",0,"ChIJdyhPUdRD1moRGxyrOT-HpwA","c(\"restaurant\", \"food\", \"point_of_interest\", \"establishment\")",0,NA,-37.8208918,144.9633777,-37.8198162701073,144.964953829893,-37.8225159298927,144.962254170107,NA,"5XH7+J9 Southbank, Victoria","4RJ65XH7+J9"
"OPERATIONAL","3 Southgate Ave, Southbank VIC 3006, Australia","https://maps.gstatic.com/mapfiles/place_api/icons/v1/png_71/restaurant-71.png","#FF9E67","https://maps.gstatic.com/mapfiles/place_api/icons/v2/restaurant_pinlet","Beacon Restaurant","NULL","ChIJwzRFYrFC1moRS9bMVhBjVQE",5,"ChIJwzRFYrFC1moRS9bMVhBjVQE","c(\"restaurant\", \"food\", \"point_of_interest\", \"establishment\")",2,NA,-37.8200902,144.9668196,-37.8191574701073,144.967705379893,-37.8218571298927,144.965005720107,NA,"5XH8+XP Southbank, Victoria","4RJ65XH8+XP"
"OPERATIONAL","8 Whiteman St, Southbank VIC 3006, Australia","https://maps.gstatic.com/mapfiles/place_api/icons/v1/png_71/restaurant-71.png","#FF9E67","https://maps.gstatic.com/mapfiles/place_api/icons/v2/restaurant_pinlet","Cucina","list(height = 3024, html_attributions = list(\"<a href=\\"https://maps.google.com/maps/contrib/113920003776113715863\\">Sebastian Lopez M</a>\"), photo_reference = \"ATJ83zjQ8xoMXSiJ_YbNb-0auNaz65aqGjM5QRewfG_indC7vvA8eErdnJ7s1sTLxI7e494pyfzCizTqUtjQw8huSxTWwNgYh2oc3JgFtk6ORaoGQeWCsGS-3XW5cXxRnuyvqxEvCqe4SoRcDq_zyg-N807es7QcQAF7WH7sdB_D3F7xI_QU\", width = 4032)","ChIJQW2PlVNd1moRGkH3j2SCNuU",2.7,"ChIJQW2PlVNd1moRGkH3j2SCNuU","c(\"restaurant\", \"food\", \"point_of_interest\", \"establishment\")",87,NA,-37.8234809,144.9572706,-37.8222909201073,144.958376679893,-37.8249905798927,144.955677020107,TRUE,"5XG4+JW Southbank, Victoria","4RJ65XG4+JW"
"OPERATIONAL","3 Southgate Ave, Southbank VIC 3006, Australia","https://maps.gstatic.com/mapfiles/place_api/icons/v1/png_71/restaurant-71.png","#FF9E67","https://maps.gstatic.com/mapfiles/place_api/icons/v2/restaurant_pinlet","Shojo Japanese Food","list(height = 1080, html_attributions = list(\"<a href=\\"https://maps.google.com/maps/contrib/108572692467919368471\\">Benjamin Phua</a>\"), photo_reference = \"ATJ83zg7VSdF6EsVocCjHf3SGgpuXDFxPgNIHWV8P-uiMin52CuMqSdK3bR-VDoda9WtwBilQ3O5PzrrRPxEafBqbwpIPuAXBWw0-kuSmJo4-oZGQVmUYOgiy0Vq26hliAB5k0MjuCwiJtxDUPxh1wlMetMBeoFnSdWCyttj6VQte01g7_2G\", width = 1920)","ChIJRTgcUx5D1moR5EVYZhFZiE0",0,"ChIJRTgcUx5D1moR5EVYZhFZiE0","c(\"restaurant\", \"food\", \"point_of_interest\", \"establishment\")",0,NA,-37.8203539,144.9660772,-37.8191438701073,144.967101729893,-37.8218435298927,144.964402070107,NA,"5XH8+VC Southbank, Victoria","4RJ65XH8+VC"
"OPERATIONAL","1 Southgate Ave, Southbank VIC 3006, Australia","https://maps.gstatic.com/mapfiles/place_api/icons/v1/png_71/restaurant-71.png","#FF9E67","https://maps.gstatic.com/mapfiles/place_api/icons/v2/restaurant_pinlet","Melba Restaurant","list(height = 3024, html_attributions = list(\"<a href=\\"https://maps.google.com/maps/contrib/105505852429589699266\\">Tsz Lok</a>\"), photo_reference = \"ATJ83zi_zzkoUORwNv_NMGcJsOQ4vdYoiXxNUTqJhE16pPrgaNHCrmdHz7CPCOobSKYuB4l6MWkC9KXBlcJChc-7K0ISpy3DfHYcJRfkSQWH_fY7Wx1zwsMaYsRpsx7zLZ4ckfyTBVMouGlTuiGC4ULuhJiVqlY6Tg7wxliQLS8C6OTbOeRV\", width = 4032)","ChIJreaFNbJC1moRqxx1nrTb6jc",4.1,"ChIJreaFNbJC1moRqxx1nrTb6jc","c(\"restaurant\", \"food\", \"point_of_interest\", \"establishment\")",1165,3,-37.8206644,144.965638,-37.8193330201073,144.966907379893,-37.8220326798927,144.964207720107,TRUE,"5XH8+P7 Southbank, Victoria","4RJ65XH8+P7"
"OPERATIONAL","140 Southbank Blvd, Southbank VIC 3006, Australia","https://maps.gstatic.com/mapfiles/place_api/icons/v1/png_71/restaurant-71.png","#FF9E67","https://maps.gstatic.com/mapfiles/place_api/icons/v2/restaurant_pinlet","Miss Pearl Bar + Dining","list(height = 1169, html_attributions = list(\"<a href=\\"https://maps.google.com/maps/contrib/111279945845212363656\\">A Google User</a>\"), photo_reference = \"ATJ83ziOf4iX2PTwHtgnnqI_GopoxW3pnkO5vjCIa_tzDYMs7q9p9_SkWoiwsww7jW30S7g-o_oaL8cuaJHhvDUilXKBB1B8gK9fFcNuSZM2w_GxTutBlneoZcjhGLQpOl2UVjV0k8WPEayos828ETfeWbpD_uxGHJ-s5mO60mx4nhUXmo62\", width = 1559)","ChIJ4XiFZh9D1moRKHiz4fLLJ4Y",4.4,"ChIJ4XiFZh9D1moRKHiz4fLLJ4Y","c(\"restaurant\", \"food\", \"point_of_interest\", \"establishment\")",68,NA,-37.8240098,144.9681533,-37.8226671701073,144.969691679893,-37.8253668298927,144.966992020107,TRUE,"5XG9+97 Southbank, Victoria","4RJ65XG9+97"
"OPERATIONAL","147 City Rd, Southbank VIC 3006, Australia","https://maps.gstatic.com/mapfiles/place_api/icons/v1/png_71/restaurant-71.png","#FF9E67","https://maps.gstatic.com/mapfiles/place_api/icons/v2/restaurant_pinlet","Roza’s Kitchen - Pizza, Burgers, Pasta","list(height = 2592, html_attributions = list(\"<a href=\\"https://maps.google.com/maps/contrib/104743208937906631048\\">ARIHANT JAIN</a>\"), photo_reference = \"ATJ83zjUpciaZMd-szYJtcEduL7mwL4Arr68VOj6YJMx_r4efH15OWXlcMo26uXrb0bm3t7zbfVS9Quh3JIumyQR2SwZF_btU9sggubslBox_QShK3-G1nrDaFSNfLjOXcU36K2FEyD4-yNpvCnh19wVbLBqCpQrtVfyhO8J5wFlA3Z5qO7I\", width = 4608)","ChIJASyEGq1C1moRULayAWTRVHg",4.7,"ChIJASyEGq1C1moRULayAWTRVHg","c(\"meal_takeaway\", \"restaurant\", \"food\", \"point_of_interest\", \"store\", \"establishment\")",1502,1,-37.8237063,144.9630994,-37.8223010201073,144.964356829893,-37.8250006798927,144.961657170107,TRUE,"5XG7+G6 Southbank, Victoria","4RJ65XG7+G6"
"OPERATIONAL","333/335 City Rd, Southbank VIC 3006, Australia","https://maps.gstatic.com/mapfiles/place_api/icons/v1/png_71/restaurant-71.png","#FF9E67","https://maps.gstatic.com/mapfiles/place_api/icons/v2/restaurant_pinlet","Butoora","NULL","ChIJkd599lVd1moR9RzLWsEJ7vc",0,"ChIJkd599lVd1moR9RzLWsEJ7vc","c(\"restaurant\", \"food\", \"point_of_interest\", \"establishment\")",0,NA,-37.8284447,144.9558759,-37.8271087201073,144.957180629893,-37.8298083798927,144.954480970107,TRUE,"5XC4+J9 Southbank, Victoria","4RJ65XC4+J9"
"OPERATIONAL","Ground Floor, 4 Riverside Quay, Southbank VIC 3006, Australia","https://maps.gstatic.com/mapfiles/place_api/icons/v1/png_71/bar-71.png","#FF9E67","https://maps.gstatic.com/mapfiles/place_api/icons/v2/bar_pinlet","Hopscotch Melbourne","list(height = 2640, html_attributions = list(\"<a href=\\"https://maps.google.com/maps/contrib/115349316144360852940\\">A Google User</a>\"), photo_reference = \"ATJ83zgvWiu_51wzDyTSlEXW_OOHo64uypBnHCcJ3HuUAXeZX34TT1ZzzzRq4SeNN2uto0HKaQ--LKSAUgKdECXq5yITaWpCFpegfoLYu7ChSR65Pfierc80YLLjXYqe9mpjG2ek56cP9IqNFc5gsDccJhkXcmnlQMYx0L4NzngzfsefnwBj\", width = 3960)","ChIJA8Rg8bJC1moRmF1fVyw4iqg",4.2,"ChIJA8Rg8bJC1moRmF1fVyw4iqg","c(\"bar\", \"restaurant\", \"food\", \"point_of_interest\", \"establishment\")",1802,2,-37.820722,144.963457,-37.8197063201073,144.964993479893,-37.8224059798927,144.962293820107,TRUE,"5XH7+P9 Southbank, Victoria","4RJ65XH7+P9"
"OPERATIONAL","Crown Riverwalk, Crown Melbourne, 8 Whiteman St, Southbank VIC 3006, Australia","https://maps.gstatic.com/mapfiles/place_api/icons/v1/png_71/restaurant-71.png","#FF9E67","https://maps.gstatic.com/mapfiles/place_api/icons/v2/restaurant_pinlet","Merrywell Rooftop","list(height = 720, html_attributions = list(\"<a href=\\"https://maps.google.com/maps/contrib/111063606963510319110\\">The Merrywell</a>\"), photo_reference = \"ATJ83zjUPbDT_Qu3GrFsuJTGmqMRXnHzJF_vVqtSAeKaKwXosPTX17YUKqlBq8TjbBanacqOhw7Vr2MzIIsXLjYAbpYQ1DeJhQjQhrmRJF3M0dZpCefrdQ0kilvUnDI0BXgvnwK4NxPJEF5Svi8U_ISkbUa-2krYGbT3qIl7idLjGzNwNkdT\", width = 720)","ChIJI5Y3PVNd1moRCdX2GRbu8aQ",3.4,"ChIJI5Y3PVNd1moRCdX2GRbu8aQ","c(\"restaurant\", \"bar\", \"food\", \"point_of_interest\", \"establishment\")",822,2,-37.8235767,144.9566657,-37.8221615701073,144.958084679893,-37.8248612298927,144.955385020107,TRUE,"5XG4+HM Southbank, Victoria","4RJ65XG4+HM"
"OPERATIONAL","54 Kavanagh St, Southbank VIC 3006, Australia","https://maps.gstatic.com/mapfiles/place_api/icons/v1/png_71/restaurant-71.png","#FF9E67","https://maps.gstatic.com/mapfiles/place_api/icons/v2/restaurant_pinlet","Pot au Feu","list(height = 5152, html_attributions = list(\"<a href=\\"https://maps.google.com/maps/contrib/108207886352744215735\\">Victor Giang</a>\"), photo_reference = \"ATJ83zg1yXwl4-Ew_7rpxBt8BumQ3Q513gdcxqkY2IRDxDLBewVVwrl03ofSwW0CA2Vu5lI-IbhGvdzja5CTFotVZEVwfNhkej6YvMgKXAWFxwIZzKxkA30aCGkVy7KWPYyh375EIGF9lYgGPoPEeUSsXFlRr_0RQUQkRDisDsHpyESeNmcY\", width = 7728)","ChIJQdoflvJD1moRWvpKUowF9J8",4.3,"ChIJQdoflvJD1moRWvpKUowF9J8","c(\"restaurant\", \"food\", \"point_of_interest\", \"establishment\")",102,NA,-37.8240856,144.9640267,-37.8227937201073,144.965457229893,-37.8254933798927,144.962757570107,TRUE,"5XG7+9J Southbank, Victoria","4RJ65XG7+9J"
"OPERATIONAL","99 City Rd, Southbank VIC 3006, Australia","https://maps.gstatic.com/mapfiles/place_api/icons/v1/png_71/restaurant-71.png","#FF9E67","https://maps.gstatic.com/mapfiles/place_api/icons/v2/restaurant_pinlet","St Marks Road Co. Southbank","list(height = 4480, html_attributions = list(\"<a href=\\"https://maps.google.com/maps/contrib/116963326293868719070\\">A Google User</a>\"), photo_reference = \"ATJ83ziLwE1G0EUlDLdmWyGS-TrsVgQkmTiaw8j-qwGZPEAG57aZGtX0ZGdZD-jsvU43nWkLHwdwkZQ00pk3YZRceI64_BVsTs9ns7famHOuxiRyodTjEgZuRacsRSFKtOLwq7EPOeYed32nKlprxY8P_B0RPLB1scJJOQ1LncQS5t9W1uTP\", width = 6720)","ChIJF8d3c0dD1moR7GhXbcv3078",0,"ChIJF8d3c0dD1moR7GhXbcv3078","c(\"restaurant\", \"food\", \"point_of_interest\", \"establishment\")",0,NA,-37.8225355,144.9647505,-37.8211219701073,144.966067879893,-37.8238216298927,144.963368220107,TRUE,"5XG7+XW Southbank, Victoria","4RJ65XG7+XW"
"OPERATIONAL","161 Clarendon St, Southbank VIC 3006, Australia","https://maps.gstatic.com/mapfiles/place_api/icons/v1/png_71/restaurant-71.png","#FF9E67","https://maps.gstatic.com/mapfiles/place_api/icons/v2/restaurant_pinlet","Pho A Gogo","list(height = 3024, html_attributions = list(\"<a href=\\"https://maps.google.com/maps/contrib/101133065951517867540\\">A Google User</a>\"), photo_reference = \"ATJ83zjFbO0PE_m2oV3Z8hNlSxsZto1fY3bCo-6qpn7IfqZrMMOfKX75oMGzZ4m5vrxJcLFD8DbhP7vHhDPOsOAijbOLRM7mEPOreNU1tIpuWQVJH3YQ3q3wR8VtriyQRs5fRCfAC1saIuwu_vASkO4lkPY85VQGMLEobMuaUFJgOUGtU0A5\", width = 4032)","ChIJYdEPcFVd1moRv5JhpIooqr4",4.8,"ChIJYdEPcFVd1moRv5JhpIooqr4","c(\"meal_takeaway\", \"meal_delivery\", \"restaurant\", \"food\", \"point_of_interest\", \"establishment\")",6962,1,-37.8292715,144.9590587,-37.8279079701073,144.960338829893,-37.8306076298927,144.957639170107,TRUE,"5XC5+7J Southbank, Victoria","4RJ65XC5+7J"
"OPERATIONAL","Level 1 Crown Towers, Crown Melbourne, 8 Whiteman St, Southbank VIC 3006, Australia","https://maps.gstatic.com/mapfiles/place_api/icons/v1/png_71/restaurant-71.png","#FF9E67","https://maps.gstatic.com/mapfiles/place_api/icons/v2/restaurant_pinlet","Silks","list(height = 720, html_attributions = list(\"<a href=\\"https://maps.google.com/maps/contrib/103830764854151630671\\">Silks</a>\"), photo_reference = \"ATJ83zjNR7ZeMdtC3gctEZCFLZKwi_pj_XiaDN7hw7A-CsjeDJ6bm9KIdgmtCKvKSrTzY-SUPvtppP3zQm-20FXHh1xldxGICkNCo31Vc2Pj6FXGvg8deljoJFeQzUe5Zaxx6ExTtWI3ryXm-CNnD-CJI8o_IHmVf0QCJP3YiItOeZ58uen9\", width = 720)","ChIJs-Q2IlNd1moRoBwpphuZePA",4.2,"ChIJs-Q2IlNd1moRoBwpphuZePA","c(\"restaurant\", \"food\", \"point_of_interest\", \"establishment\")",379,2,-37.8218012,144.9601499,-37.8204644701073,144.961511229893,-37.8231641298927,144.958811570107,TRUE,"5XH6+73 Southbank, Victoria","4RJ65XH6+73"
"OPERATIONAL","Crown Riverwalk, Crown Melbourne, 8 Whiteman St, Southbank VIC 3006, Australia","https://maps.gstatic.com/mapfiles/place_api/icons/v1/png_71/restaurant-71.png","#FF9E67","https://maps.gstatic.com/mapfiles/place_api/icons/v2/restaurant_pinlet","Ging Thai","list(height = 4032, html_attributions = list(\"<a href=\\"https://maps.google.com/maps/contrib/104021283973792477936\\">AV FERNANDO</a>\"), photo_reference = \"ATJ83ziALELcmBkRYGSSEzOZM4Mwc6yq4f7aR8AUbA5BymWypl3LdJ5ExDrcimUbeA1qFPf8JVkVb1QQ7cH3-O7wQpeaktn4BnAJ-leh2UlasBywYj19SVpwgQEbmr6sN7T5GvH6939XCP_tIkjOJYK8-x1m1cTwZiWEC-SdVViKjJy7dw98\", width = 3024)","ChIJVVVVoVNd1moR6axK6ZfedDA",4.2,"ChIJVVVVoVNd1moR6axK6ZfedDA","c(\"restaurant\", \"food\", \"point_of_interest\", \"establishment\")",599,NA,-37.8223299,144.9590778,-37.8215774,144.960321729893,-37.8245874,144.957622070107,TRUE,"5XH5+3J Southbank, Victoria","4RJ65XH5+3J"
"OPERATIONAL","89/91 City Rd, Southbank VIC 3006, Australia","https://maps.gstatic.com/mapfiles/place_api/icons/v1/png_71/restaurant-71.png","#FF9E67","https://maps.gstatic.com/mapfiles/place_api/icons/v2/restaurant_pinlet","Sopranos on Southbank","list(height = 3036, html_attributions = list(\"<a href=\\"https://maps.google.com/maps/contrib/114328195435250120757\\">philip grace</a>\"), photo_reference = \"ATJ83zjpQqKovJ_BrNXiaKoz4_2ZLmMD1gqwO889hZaI6fIJSKnKlwCDaHHxbjaU-F5vUqjiezQJ5iTw_fgEVcMWFHVTvwY_a7j-nww8h-11yn-zF3rBUGi8T7DLKBqgo5tKDSuQ1cj-la3QrWxUiHnn4m1RHeyG3CvGGbpIhyptB1rFajb5\", width = 4048)","ChIJhcyLdrJC1moRJQGSvfkx5YY",3.7,"ChIJhcyLdrJC1moRJQGSvfkx5YY","c(\"meal_delivery\", \"restaurant\", \"food\", \"point_of_interest\", \"establishment\")",288,2,-37.8224525,144.9650726,-37.8210343701073,144.966340979893,-37.8237340298927,144.963641320107,TRUE,"5XH8+22 Southbank, Victoria","4RJ65XH8+22"
"OPERATIONAL","45 Clarke St, Southbank VIC 3006, Australia","https://maps.gstatic.com/mapfiles/place_api/icons/v1/png_71/restaurant-71.png","#FF9E67","https://maps.gstatic.com/mapfiles/place_api/icons/v2/restaurant_pinlet","The Gantry Restaurant","NULL","ChIJhV6E4S9d1moRfTXwIh8mfL0",0,"ChIJhV6E4S9d1moRfTXwIh8mfL0","c(\"restaurant\", \"food\", \"point_of_interest\", \"establishment\")",0,NA,-37.8269008,144.9595298,-37.8255893201073,144.960718679893,-37.8282889798927,144.958019020107,NA,"5XF5+6R Southbank, Victoria","4RJ65XF5+6R"
