location_id,name,place_id
804873,Tiamo,ChIJa5rRhNZC1moRL8SAEYrRY4I
721640,Scopri,ChIJJZA5ACdD1moRxIAdHMr3F4s
19595748,Lagoon Dining,ChIJ319l-epD1moRJXzSVfcf1nA
7697908,Criniti's Carlton,ChIJFzRCktZC1moRTHQQmIRcP3M
5043669,Kaprica,ChIJuRAJYc1C1moRK6JyXa-ismI
17339315,Capitano,ChIJpXnV3tdC1moRGzDeeGZK3HA
3870070,Thai city,ChIJg68CAtJC1moRXcO-N195rWY
723925,Copperwood Restaurant,ChIJs2_xrtZC1moRD45tnsNnPOs
3534403,Epocha,ChIJT5LLMM5C1moRQpzKBTsbS7Q
1510853,La Spaghettata,ChIJG5gufdFC1moR4DDoRmd5L6I
944387,Universal Restaurant,ChIJa2v1BNJC1moR_XGbXwcSoAg
728264,Shakahari Vegetarian Restaurant,ChIJUTD1ldZC1moRIJ1lbzkoFqY
8473713,The Olive Jar,ChIJNQdjayhD1moRPWST-1oT4uc
727599,Paris Go Bistro,ChIJz3qT3ddC1moR0e5yjftslXE
738257,Il Gambero,ChIJsZZWVtFC1moRX4Cc8oZA-eY
722676,Brunetti Classico - Carlton,ChIJ9wudbmFD1moRkIc2AvgJYBQ
2261727,Kazuki's,ChIJo332KH9D1moRbva-tqavOIY
7766288,Heartattack and Vine,ChIJF5Nlh9ZC1moRDINfpKG1o1o
23377841,Al Dente Enoteca,ChIJYYCx7wND1moRY3QO3Irt8HQ
724284,Donnini's Restaurant,ChIJOQgKr9ZC1moRDqq5NwQt43Q
721444,Abla's,ChIJoZhs69dC1moRpdaO5bTABe8
2523617,Seasons Provedore,ChIJK-sJYNFC1moR6pZQ8fWqHKc
738181,Piccolo Mondo,ChIJWQrHZdFC1moRJf8B9oWuX1Y
1227474,DOC Pizza & Mozzarella Bar,ChIJ4_Vc6dZC1moRN1hVYbjEiP8
3820601,Stuzzichino Caffe,ChIJUdJn1tNC1moRuPMhbf96oIk
8734314,Da Guido La Pasta,ChIJJb5IAtJC1moRotUKafEC8ao
10448134,Tabouli,ChIJG9I339NC1moRc9yO0aDDCHA
5106595,La Porchetta Carlton,ChIJoaITVyVD1moRRc0nZi0ISpg
17574135,Taquito,ChIJ1ZyRtE1D1moRFf4vU40IRYg
2285791,Carlton Wine Room,ChIJl1h079ZC1moRvDBPl2x_L5Y
23812359,Di Stasio Pizzaria,ChIJDb3e0TZD1moR3n7_vJ9sGyg
727080,Masani,ChIJ0ZRJ8dZC1moRBEDHtt4HFC8
726540,La Luna Bistro,ChIJq3jpXS9D1moR3RVbdfkIqRs
13490848,Ziyka Restaurant,ChIJoUcXFShD1moRvpVaSBcXB1U
944409,East Imperial,ChIJadVBBddC1moRQ2acccqSVM0
722676,Brunetti Classico - Carlton,ChIJu-vPQ6tD1moRfQ_QZ0chCtM
722676,Brunetti Classico - Carlton,ChIJ1d_oafJD1moRng3uCPMHz64
722676,Brunetti Classico - Carlton,ChIJqxJ64_hD1moRYoENzn74t0I
13414138,Green Man’s Arms,ChIJVwLea9ZC1moR4ktkrL0ASi8
7261839,Fonda Mexican,ChIJk7yyY3FD1moRhHQZ08r9Wnk
6600277,Gemma Simply Italian,ChIJpx6ZRNZC1moR9uwVZGupXkQ
14018863,Mr Pietro,ChIJNS3-SNFC1moRSjpFcOCgHgI
7910519,Leyalina,ChIJWWHZ3tNC1moRJGds6OvI02Y
5106470,Cinnamon's Sri Lankan Cuisine,ChIJ85nTnFBD1moRabBHwOY8Glk
258070,The Night Cat,ChIJn8cnAwlD1moRnS74GMQorVs
15129320,Khabbay Restaurant,ChIJrR356-hD1moR_k3ly1Bt5NY
756522,Papa Gino's Pizza Restaurant,ChIJU0MiVtFC1moR0ITexL30p4g
722921,Cafe Corretto,ChIJCx-TVdFC1moRqlEsKzufEU4
725818,Il Gusto,ChIJzUJtZ9FC1moR29GkS4f4wA4
11707291,Mixity Restaurant & Cafe,ChIJ9ef41tNC1moRt5H3ZbSBYVI
2356152,Cafe Cavallino,ChIJV1uGYtFC1moRuQ74n9--3dY
722676,Brunetti Classico - Carlton,ChIJGZp0PflD1moR7Y-BoLCyVnE
722676,Brunetti Classico - Carlton,ChIJSQrgjtZC1moR-5GNiUfB1N0
14987094,Torissong,ChIJGWoQsM5D1moRAhKHKPD1178
24154540,La Tonada,ChIJ7VH3cIlD1moRqKJMYoMFPOo
15610982,Mint & Co,ChIJs86AXhpD1moRsSunerOUTfw
10546658,Don Tojo,ChIJXTvTy9NC1moResqUQkLditE
2523617,Seasons Provedore,ChIJzw4z39NC1moRnwBBUd7WdHk
21077027,Lord Lygon Wine Shop & Bar,ChIJFwfa3hJD1moRkTwSXl6sqX4
20217325,Aperitivo Bar Ristorante,ChIJH03gTahD1moR2mFxHL_kA24
12843860,Isabella Cafe,ChIJZ1aWcy5d1moRhUqs_665Tdw
596243,Parkville Motel,ChIJp0UPmTFd1moRE-6KpkXJSps
24825350,The Farmacy,ChIJRczf8yVd1moR3A-gbWHjBhE
15701699,Bamboo Garden Noodle Bar & Chinese Takeaway,ChIJ8fL2_dBc1moR8QxN0Izki4g
18854251,The Members Lounge - Bar Bistro-Pizzeria,ChIJeRCeFuhc1moR8POatotWCqc
8559717,Shuji Sushi,ChIJG3Knbi9d1moR6SLoLSqmsig
6600277,Gemma Simply Italian,ChIJS5FePDdD1moRH_Mnz1QKVrU
943946,Shanghai Dumpling House,ChIJ0zWW5CVd1moRqNmEn2r2UCw
5287603,Zambrero,ChIJDWIfTCtd1moR_OiUxJ6Ynm4
6897516,McDonald's,ChIJSyRSDzJd1moRtFTFbd9Sku8
6818713,Roll'd,ChIJnS5Q8o9D1moRv4p5cEph07M
1227474,DOC Pizza & Mozzarella Bar,ChIJ_zwn0mlD1moRR_xGkFunlo8
14971302,Thyme Square Cafe,ChIJ8zj2LyRd1moRRdPE82K0t2U
256557,Melbourne Zoo,ChIJizWRdaBd1moRqldQY0qBOjw
4289703,PappaRich QV,ChIJKZZBzu9D1moRef10MlolYxw
5092043,Lanna Thai Restaurant,ChIJKbx-Pi5d1moRC5HyXzxUfv0
12495639,Parkside Cafe,ChIJkdJo8NJc1moR5PR6uu2mNZM
4095294,Naughtons Hotel,ChIJKcJ5mCtd1moREh7qP6BA6Cg
5868178,Harajuku Crepes,ChIJ9V_NxSxd1moRs6q3RYpM814
1062448,Marco Polo Cafe,ChIJ2cJ6gS9d1moRszBoRpEYDpk
2720761,Choice Health Bar,ChIJoXgvEqNd1moRWtbnD2xI6Ro
18546450,Royal Kebabs Cafe & Restro,ChIJe9LnviVd1moReKaaWGULSjI
4845693,Mum Mum Asian Street Food,ChIJ2290PC5d1moRlh5iYJk-9A0
19126555,Moonfishh,ChIJWT2MP21D1moRSrbBc07fl_E
7706807,Cafe Piccolina,ChIJDb-atVJd1moRDOP2H9AgeUI
391086,Cafe Des Amis,ChIJkQgB4SVd1moRNfEY9tvhwEM
23384334,Gai Wong,ChIJr3YpXIhd1moRI29vA7Z2c7Q
12819242,Eat Pizza Kalgoorlie,ChIJtdVOIi5d1moRvkK585QpJWc
257676,University House,ChIJuUZIPytd1moRjbSpbkrKYXw
6688333,Naruto Japanese Food San Borja,ChIJC6iOT_1d1moRuZDIln4vAb4
339794,Frank Fat's Restaurant,ChIJq6r-syFd1moRMX0EQl1l9l8
12791639,9 Face Thai Cuisine,ChIJOelfMDtd1moRy04aDfyfE0E
738587,Il Duca,ChIJt4ctMupC1moR7Opig3NrfSg
944260,Geppetto Trattoria,ChIJW5Nn5-tC1moR1KnPe_szKQs
5608783,The Tippler & Co,ChIJoQ71_OtC1moREoPyA323sjY
23030909,Hemingway's Wine Bar,ChIJdfMFMHVD1moRte8-aR1ODjg
12618815,Bedggood & Co.,ChIJo6MB88BC1moR1v_Nuo7gZrA
6678468,Grocery Bar East Melbourne,ChIJ_wbFyedC1moRXHca2d3Oj-o
20064661,Roccella,ChIJiWZcQlZD1moReLf1KVvQ98M
726246,Kenzan Japanese Restaurant,ChIJ6ZOWYbdD1moRwHlgVHJwpnU
3542708,Tribeca Pizza,ChIJ_wbFyedC1moRsgKzQvFcTwc
12816034,The Cliveden Bar & Dining,ChIJnUqrC-pC1moRSaUlor_B3vs
12368113,Tadka Hut Indian Restaurant,ChIJk1ga3utC1moR8KOg_D4H8eQ
10757984,The Grey Smith,ChIJP7G3MupC1moRPWpV_902P0s
25196008,Mad Patties - Melbourne East,ChIJg_RW--FD1moRXpWH31SNusE
266090,Federation Square,ChIJExrt7-dC1moRWgvD2gf6J50
5033706,Gourmet Pizza Bar,ChIJVU77zudC1moRUURo26Nfxdg
7100089,Cat Cafe Melbourne,ChIJ3V3EaxhD1moRa_XSCtPX-L0
1063351,Federici Cafe,ChIJNyXg4-tC1moRiLWebsUnJZE
2666658,Gleadell Street Market,ChIJn9E83utC1moRDPGMkcqsEYc
4779860,Kiwi Fish & Chips,ChIJM3SzyedC1moRXNMbBSUFSmg
12049322,My Sushi Japanese Cafe,ChIJzU8DKEJD1moRLSKWrvqdS1M
4472795,Top Paddock,ChIJh7bPuepC1moRL4BHlUrkdfU
19674794,$6 Curries!!,ChIJ8zyV65xD1moRwzkQolEEvlU
5092292,Basement Espresso,ChIJP9wsWMNC1moRokhV5r22oNQ
18961271,Oster,ChIJPZ6d3gND1moR_yn70LCJ74Y
738584,Longrain,ChIJme6hTM9C1moRFG6RpYqZL0c
1111292,Waiters Restaurant - Italian Waiters Club,ChIJR1OrH8ZC1moRixhTkKsUwi8
727808,Punch Lane,ChIJxbZOsshC1moR7thhGoEJ11s
9554485,Hochi Mama,ChIJkX9EushC1moRWQYnsdy3skM
10460211,Soi 38,ChIJLVxVmchC1moRNMtBqzP3H6c
255100,Melbourne,ChIJz9lOndlD1moRyRP7H4fqa84
727840,Radii Restaurant & Bar,ChIJN92GPsRC1moRrpvO-n_3bvw
726246,Kenzan Japanese Restaurant,ChIJAVfi1sdC1moRV7tww9krhXg
15550502,Mr. Tod Cafe,ChIJvVx8L8RC1moRnAO6Zu6Ib-E
724614,The  European,ChIJVUlb_MVC1moRE8udyJ-mVCc
1226184,Anada,ChIJ4e4muN1C1moRG1RzbrdNg50
3728263,Baby Pizza,ChIJq6rG4OtC1moRxQeV_lTSWSA
25561011,Dolly Restaurant,ChIJb0_SCKFD1moRIVNLkTucRPU
967878,Cecconi's Flinders Lane,ChIJ0xwW4cdC1moRe81ERqyUZpk
721767,Bamboo House Chinese Restaurant,ChIJKar4tEpd1moRhETU3oLmvfc
14799685,Jim Stynes Grill,ChIJsY6jDglD1moRObRiccFXerw
5986168,Sezar,ChIJyYFFyMlC1moRb22GPrHVal8
4035687,Encore Bar and Restaurant,ChIJ53vEPslC1moR0ox6S2TyszU
17555418,Daughter in Law,ChIJkStQy5pD1moRc5wKwk5dwnY
7284705,Little Collins Street Kitchen,ChIJoZLSJMZC1moRqWQOMA91M5c
7261839,Fonda Mexican,ChIJ4alrwcdC1moRUWjI-7mjBks
12499341,Bodega Underground,ChIJv6N7tshC1moRWE3v9GD65QU
10906620,SPQR Pizzeria,ChIJ4SIGschC1moRTz-NPh3_aQc
728274,Shark Fin Inn,ChIJ0WwctchC1moRMJRDX19Kh40
16705747,Di Stasio Citta,ChIJJ3GUFnND1moRUIIedeogCpk
13307332,Longsong,ChIJe-SxTM9C1moRGczYs6906F4
255100,Melbourne,ChIJZz6gBpxD1moRXligsEBxtOc
4133683,Thailicious,ChIJE87W9c5C1moRNTnghsAOHYs
12917866,Juliet Melbourne,ChIJqeamsshC1moRiFEfGX_DD6U
24076821,Botswana Butchery,ChIJUQGnHgFD1moRfNhS1rJOV0o
738982,Bar Lourinha,ChIJ-dMSJsZC1moRBR6RQKxblbI
722625,Bottega,ChIJ-7pLvshC1moRWHbU4T32oaU
2426495,San Telmo,ChIJoS8hIMZC1moRo_A2fOZBqI8
724861,Flower Drum,ChIJr1N1BMlC1moR6aJLe1nHgPQ
721553,Amiconi,ChIJPygi0jld1moRk8KoFG7mdFc
14066403,Hello Jose,ChIJG1rzHTRd1moRFYsSDKDdGR8
19826185,So Thai,ChIJw-ILn55d1moRSYAiep9twIk
729218,Smile Thai Cuisine,ChIJd7Mp0jld1moRISH9V3k4Ws0
17826452,Sassy Italian Restaurant,ChIJS0RmHSZd1moRlfTiaBYdZDk
727851,Le Taj Fine Indian Food,ChIJPe8Oxzdd1moR5wkNGC7Qb2Y
4457682,Warung Agus,ChIJtcv3bTdd1moRN8uMWtQAzIs
12415233,Royal Standard Hotel,ChIJW0teZjZd1moRVwKF6CSxwgU
19991275,Secret Recipe Indian Cuisine,ChIJIxTtzmRd1moRxCYoA9pSPAY
14141404,Hansang,ChIJZScRBUld1moRq2ydfCSoBN0
257035,Radisson on Flagstaff Gardens Melbourne,ChIJW3ZFVT9d1moRp2j-iYl0nzg
25353314,ANGKOR cafe,ChIJ094AkEhd1moRfRDE1uYHuZw
255100,Melbourne,ChIJrWrYqeRd1moR8RHzUsISjiE
13219722,The Moghals,ChIJS8yzAEld1moRgnycJi4CsgQ
12059688,Port Phillip Ferries,ChIJGYO44Hhd1moRO5IxcmyxY5w
4792273,Little Africa,ChIJETT2xzZd1moR4SHkDmb0V9Q
1955162,Hotel Spencer Bar & Grill,ChIJmevfxEdd1moRkZwiO8PaDWg
8594044,Spencer Outlet Centre,ChIJIVS_9_1d1moRL59VaKR_Sa0
1719031,Crown Metropol Melbourne,ChIJDWlozjld1moRsw1T17E06dk
23276353,Movenpick Hotel Melbourne On Spencer,ChIJ27uTh7pd1moR-dgwa97Onsg
4187386,Biryani House,ChIJmetwn05d1moRyV7SXoCKMqI
1869804,Shiraaz,ChIJp9I_oV9d1moR5UF21vqjGvE
17734747,Hunters and Disciples,ChIJZ6Nfpzhd1moR0T0zBqfXErE
724561,Embassy Taxi Cafe,ChIJn1NjgUdd1moRRFLouFtvoI8
14838496,Riverside Park,ChIJV4DMP5td1moRMcvIMFeLp3Y
3872475,Yeonga Korean BBQ,ChIJvSWppzZd1moRt66Tm8D_SKc
4943431,The Kathmandu Cottage,ChIJaUwo1zld1moRcRGXQVseqDg
7112928,Royal Melbourne Hotel,ChIJbekQT95d1moRSDPBFx0-C3s
19659583,Rosslyn Pizza,ChIJ0wi_tjdd1moR2eLARPLm10I
25531194,Mughlai Mahal,ChIJ3wT739Rd1moRLzaR3S9un2Q
7264551,Swaad India's Zest,ChIJg4Y_B0ld1moR3PHlrA-bg0Y
8126171,Juicy Bao,ChIJuWenGH1d1moREwgt9Mi6T-c
729239,Witches in Britches,ChIJ-9Z5KUhd1moRTGB848IAz3w
3233266,11 Inch Pizza,ChIJq6qPwDZd1moR12DLASkVEFc
5286108,Yum Yum Dumplings,ChIJGXlk_Tdd1moRFB1zABhnFko
3872475,Yeonga Korean BBQ,ChIJzahLYf5D1moRrem1Q4hSaAA
15613856,Pretty Boy Italian Steakhouse,ChIJmSmRaY9d1moRWrM5V4uzRGs
23159871,Lollo,ChIJ6-6120xd1moRv_VhyogdHqM
25249489,The Angry Dog,ChIJVVXxKEZd1moRxMSM4gkaJZI
255100,Melbourne,ChIJK66M10dd1moR8WJCoqbGJVA
19102663,Panda Hot Pot,ChIJpRmxRrBd1moRYBslBDGGp2Q
5308809,Pho Victoria,ChIJSzb7xTZd1moR0ZQhSKN11tg
23159877,Warabi,ChIJCd8m5bJd1moR8Dzy5pgAIII
23276353,Movenpick Hotel Melbourne On Spencer,ChIJHfxaP_pd1moRuulYBhFBOWs
23381578,279,ChIJwZP-zuRd1moRerW91SboCPE
26301404,Shush Burger by Sean Connolly,ChIJhQbBiZBd1moRrqSbGTrRTig
13786389,Bornga Korean Restaurant,ChIJj-RCijNd1moR5wCG3q2prYs
25430133,215 Queen's Restaurant and Bar Melbourne,ChIJ-dKVVbJd1moRvkegNyHfyjw
5812002,Char Siu House,ChIJCxE66Tld1moRG7axltOI0hA
3872475,Yeonga Korean BBQ,ChIJkxaSjDNd1moR0zZ2rgo5Q9Y
1050531,Maha,ChIJizFTarNC1moRjM6M4Z_OGAg
1858389,Angliss,ChIJ7TaR1khd1moRXCmigET2XdM
3611871,Toodouri,ChIJfyCEiDNd1moRBfl8Fpp4CVI
1077929,Melba Restaurant,ChIJ2fOmZypd1moRGKVP8II2_gY
5033713,Nizams Indian Restaurant,ChIJh20YuDld1moRi2zSQPIFuT0
23414221,Miss Mi,ChIJvxrTqPdd1moRTynlPUYlA2s
11306017,Wonky Trolley,ChIJdQRI7Dld1moRbPrUI3xVym0
1548078,Sosta Ristorante,ChIJb6DBxDld1moRx6XklV4QyZs
4780875,Maria Trattoria,ChIJN7-E-jNd1moRFIhlAbMd6To
4745095,El Sabor,ChIJA8yl2zld1moRIwG5JP_WDuQ
2654747,Errol's Cafe,ChIJse5g9zld1moRKH_lqhWAH9g
12519622,The Rice Cooker,ChIJYeVCBy5d1moRqbFwZ3QQrfc
728841,The Leveson,ChIJK1JxtDBd1moRzCIdZ-QZEAo
4786419,Kl Bunga Raya,ChIJu5_o5jld1moRRSzyKR7wOyI
5021774,Mercure Melbourne Therry Street,ChIJfbcmh4pd1moRSaeMUzJupz4
2529032,Agraba Lebanese Mezze,ChIJ-SRy8Tld1moRpYcmhkpwOeQ
2708603,Mr. Hive,ChIJhxtkpDBd1moRvBtl-eOUcFM
14132082,Joe Taylor,ChIJGTlGxjld1moRXxFaAx2oDI0
3389693,Fandango Cafe,ChIJV3kVEDpd1moRzmljRe6cYSM
5018804,The Castle Hotel Restaurant,ChIJj6-ASjBd1moRywk8vb-TlLE
20831290,Mr Tucker,ChIJY-BD2iJd1moRADZTnHCY2iE
727599,Paris Go Bistro,ChIJq6pz8Tld1moRK3SREy7-bFI
6570695,B'Churrasco Brazilian BBQ,ChIJeTdSUphd1moR55WLsMElvUI
725615,Hot Poppy,ChIJcXFZxjld1moR27sZDTXjkmk
8280071,Hallah Korean Bbq,ChIJk9WjiTNd1moRv0twWUuyz6E
17377806,La Porchetta,ChIJQTI1BjRd1moRtLQyZYj7VUc
257037,Mercure North Melbourne,ChIJvYmX2kVd1moRzSHtpHVCVAY
3872475,Yeonga Korean BBQ,ChIJNaZkiTNd1moRyS7zO4ZppRY
944387,Universal Restaurant,ChIJYWX6tzNd1moRQj1TLz40glw
4845693,Mum Mum Asian Street Food,ChIJbWxv7jld1moRYOcN9A1mv28
24831835,Manze,ChIJ29n5yzBd1moReeHrxSRaMkA
5308687,Toast Kitchen Cafe,ChIJ3-6Iwzld1moRQnzg1_90pYs
4779472,Oskar Pizza,ChIJx708zzld1moRUdFlOTfVb5Q
20376752,Joe's Eatery,ChIJr6dgFV5d1moRvfofAZW-rsk
1227463,Courthouse Hotel,ChIJF4IoBjpd1moRBFzQUpeHtm4
727586,Papa Giuseppe Pizza,ChIJTcXiPTtd1moRjw36UBNKm9s
3915938,Guzman y Gomez - Swanston St,ChIJ6RIHgUZd1moRTHj3G-9tFtw
8483349,Din Tai Fung (Emporium Melbourne),ChIJV3u17Tld1moRfbUCiFVvO6M
3872475,Yeonga Korean BBQ,ChIJhwJU3TNd1moRR-NTelY6Q3o
26361526,ezistrEAT,ChIJA-QSzq5d1moREjfO3uWiS-0
4775374,Town Hall Hotel,ChIJdfbk6jld1moRwElnckgNb9M
756537,Toto's Pizza House,ChIJ0UaHMDtd1moRJXVh0-k_Iec
2654747,Errol's Cafe,ChIJTXWq6Tld1moRr94uliXjTVc
2713169,Komeyui Japanese Restaurant,ChIJyXgUjh5d1moRrKWm5r5s5E0
16726568,Kebab Connection,ChIJTf2AGOpd1moRVexVWdx28VY
5106612,North Melbourne Take Away,ChIJHXj7Ez9d1moRdlP9vhHdpLU
2511491,Auction Rooms,ChIJ0an5tzNd1moRnL-pWh4UMNk
8861982,Salt Seafood & Burger Bar,ChIJJeHtxjld1moRwmVwpj2Nx90
20831290,Mr Tucker,ChIJRS6du5Rd1moRhGF2VCFqo5g
2483527,Kitchen Workshop,ChIJO9jxGR5d1moRO4XXi8ciH6w
3872475,Yeonga Korean BBQ,ChIJneXDRONd1moRa8nexM0pin4
13113158,Dishoom Kensington,ChIJv_uo9_YPdkgRq2K1F6d_5-g
8784793,The Ivy Kensington Brasserie,ChIJ6b_F4fYPdkgRIoJa6hALTWI
14935919,Zuaya London,ChIJz7Bhtd4PdkgRPNgj59cV9tg
11894306,CERU,ChIJjdhaYiwbdkgR_SuA9p18OqU
1388951,Cote Brasserie - Kensington,ChIJAY1NtPcPdkgRXaRO5K1IPco
7602594,Bone Daddies Kensington,ChIJHZJUqvcPdkgR3-c1NQd-A9o
3169695,Spaghetti House Kensington High Street,ChIJF9Hlq_cPdkgR6ThcTDegDBY
193123,Royal Garden Hotel,ChIJ9x-Kq_cPdkgRVwnak02PxI8
7589353,Alexandrie Restaurant,ChIJXbAY7fczcEERQc5DmImVYvg
17385148,Grato,ChIJEyHV70EPdkgR4ltmETic22k
1018426,Prezzo,ChIJvQL4y_cPdkgR_PTPGBOQukM
1017393,Memories of India Kensington,ChIJW1e5NFkFdkgRw_1wF5RLuTY
719675,Launceston Place,ChIJlQFx01gFdkgRkchWrnmDM-E
2399478,Chakra Kensington,ChIJDxwjt-QPdkgRNKTbCos-HE0
733245,Cheneston's Restaurant,ChIJ98briVgFdkgReGYkDvuVXHg
2470813,Da Mario Kensington,ChIJvcvtyV4FdkgR8nnz2S8fVUs
1420213,Town House,ChIJKy64lWcFdkgRjHnXKBLVnoY
13236559,Enoteca Rosso,ChIJFfiE5-0PdkgRGjKjU2oJ3qA
733579,Il Portico,ChIJn-ywB_IPdkgRKaAFvSUsxZs
720981,Zaika,ChIJnbhVw_YPdkgR2FvRK5V9lUc
1016670,Khan's of Kensington,ChIJjQcUp0IFdkgRanlqLHrXn9I
19273823,Eli’s Restaurant,ChIJq-uTY_EFdkgRkoi0u3r6miQ
23678169,Pascor,ChIJxeYTCDMPdkgRWGtgCMvRXlU
7314841,Clarke's,ChIJ01L60vsPdkgRB-UGY6_FoF0
1010111,Scoff And Banter Kensington,ChIJXeC1Cl4FdkgRjBuv6w48XqI
3456295,Fouberts,ChIJM2jO1fcPdkgR_QsNrmXZoTk
23735889,Kensington Quarter,ChIJPSInFzUPdkgR27rOHmUiS2Y
246023,Kensington High Street,ChIJDSPBxfcPdkgRYfyZ81Tl2Vs
8564086,Wright Brothers South Kensington,ChIJA5Gm5GcFdkgRhAQF1LA-tMs
19597706,Megan's on the High Street Restaurant (Kensington),ChIJcf9ZkbgPdkgRTMZ-81h4aQE
1089239,Thai Terrace,ChIJn1EDofYPdkgRZA8yKTvFG0A
10079921,Romulo Cafe and Restaurant,ChIJlTSFSewPdkgRat9oKHTl33Q
788097,Hare&Tortoise,ChIJNxoOfOwPdkgR4-cNXIzj1BA
6624139,Pappa Roma,ChIJobxrAmgFdkgRgcJpBakGdV8
1214896,Tapas Brindisa South Kensington,ChIJnV7FjUIFdkgRzYUGlV3cvQg
23436064,Pino,ChIJOWJBCIsPdkgR9x7taFAyvWg
3784979,Macellaio RC South Kensington,ChIJ48y_6mcFdkgRhqLHww_SqeY
2571962,Comptoir Libanais South Kensington,ChIJgV7FjUIFdkgREkiwLP2M6Bk
2179762,The Orangery,ChIJ7w-V58oNdkgRMcz9MMtot9Q
5992727,Margaux,ChIJ3fS9KGEFdkgR659vG--k58k
1044445,Min Jiang,ChIJy1y33_cPdkgRy4SK96aOVBM
10150587,Raj Of Kensington,ChIJS2d0gfEPdkgRuvKJvm38hHs
8017474,Dozo South Kensington,ChIJYRNN72cFdkgRM_8-LtHwok8
1017316,Locanda Ottoemezzo,ChIJXV6EH_YPdkgROGp5l7ekCEA
4925323,Yashin Ocean House,ChIJV6l34GYFdkgRVvFHSJPP_NI
23471336,Meekhun Thai Bistro Kensington,ChIJl1EJr44FdkgRNBDPv-wUDEA
734258,Ffiona's,ChIJFd-HVvcPdkgRUO2vB2jTZX0
2011025,Bella Italia South Kensington,ChIJoSuJ5GcFdkgR4MiPFtHmblc
14184416,Akira,ChIJbYF04XsPdkgRYuY_9zvfWp8
188474,South Kensington,ChIJ1YES5cQFdkgRCnr6goxGrYk
720385,Ranoush Juice Marble Arch,ChIJxfutAvcPdkgRUZrdTuwRJ9w
1014102,Balans Kensington,ChIJEZvKQ_EPdkgRWQwUCnF_7fQ
2178357,Rocca di Papa,ChIJYdKq5mcFdkgRvYBMWM-CMz4
2307482,Jia,ChIJjQcUp0IFdkgRF8ASwUUTlJo
10517649,Honest Burgers South Kensington,ChIJbYz9hUIFdkgRyftQ4XwNqro
187550,Kensington Palace,ChIJBe231SoPdkgRT_3hbsIc3rc
3322305,Piano Kensington,ChIJgwQn4PYPdkgRhWVEcDrvJNc
8855999,Steak and Company Gloucester Road,ChIJz9S9rGAFdkgREtsUhx6ZOLI
1656751,Kitchen W8,ChIJ1-By1fMPdkgRHFSgAdcS41Y
807510,Berth,ChIJpcrtOUNd1moRM9SNgN0396c
6013062,Cargo Restaurant,ChIJS7DTKF1d1moR7RwcyPt11R8
15343302,Corniche Mediterranean Restaurant,ChIJb6CD9nxd1moR4D8Bjby-jo8
2334084,Squires Loft Docklands,ChIJka0pG1xd1moRq3Exn_PRVZ0
9597889,Docklands Lotus,ChIJVUuZakNd1moRNzSh7g6cg8Q
4791759,Almina,ChIJIbVG7Wdd1moR5b-kZ6Bgck8
1014829,Steakhouse Grill 66,ChIJVb3BOl1d1moRw5SofFEAhcs
722342,Bhoj,ChIJo7ELLl1d1moRpMkA8RZuQtU
805770,Achelya Turkish,ChIJJUQqO0Nd1moRkcwfMYTfaOM
4373160,Pok Pok Thai Restaurant,ChIJQ7OA71td1moRcDGHldt6bHQ
19140287,Yassas - The Greek Way,ChIJRUy38gRd1moRsnvL_C3h6no
12999960,Dock 18,ChIJVVUVl2dd1moRFsbXyd08cJY
19139921,Thai Thani,ChIJL3HkxqVd1moRo6-gpK07_FQ
3396530,Nine Elephants,ChIJ6Z3hjlpd1moRngM0SRt9DgI
4785103,Gold Leaf Restaurant,ChIJZSCZZWhd1moR8rCoXoWRNAs
1014448,Renzo's Bar Cafe Italiano,ChIJg9BhK11d1moR9bkSU6EBXbQ
8736418,Tap831,ChIJ87xcp15d1moRKQkIyhD0WJo
2318629,Platform 28,ChIJRav1jVpd1moRHiehg0PNjbw
17615609,Fukutontei Ramen,ChIJH871CnRd1moROdIc0ILdMmQ
12275529,Old Man Pho,ChIJjanRFGhd1moRsvJsmWaR6KA
13196451,South Yarra,ChIJBVT8tZ1C1moR3IU3WuZdzcM
13196451,South Yarra,ChIJFZvIyJ1C1moRz2lGr9fbh0o
10466626,Atlas Dining,ChIJQ_3VNiRo1moRooREwqEzkhc
723201,Caffe e Cucina,ChIJm1oZ3IJC1moRp2og8RmmUxM
724013,Da Noi,ChIJUc9Lz51C1moRn6zjuDZgzu4
11712324,The Meat & Wine Co South Yarra,ChIJL3fHDINC1moRHS67xr68fio
4038885,Thirty Eight Chairs,ChIJK3URt4JC1moRRZS4-HardUU
944556,Chez Olivier,ChIJb_hh2yRo1moR4rbmucYGPuQ
17713443,Omnia Bistro & Bar,ChIJC7lsQJ5C1moRdqnGg4UJVIM
3350617,Cosi Bar Ristorante,ChIJMbjq351C1moRIF6yNSR_YOs
10441516,Steer Dining Room,ChIJESEEXoNC1moR8HpsSvFwd_k
724893,France Soir,ChIJo5CTOJ5C1moR4QDlRgXnx84
2616586,Bistro Gitan,ChIJM3mtIh5o1moRJjBQJHr8fYs
11906334,Gilson South Yarra,ChIJZUeIv6FC1moRDgU0kg7V02A
967988,Squires Loft South Yarra,ChIJY3dgAZ1C1moR_8qJy8XIJZw
5076484,Blossom Thai,ChIJ8TSEBYNC1moR7kjIHwFh5Cc
13110532,Bar Carolina,ChIJvUWEEp5C1moRekPwXCImLY8
2428166,Dainty Sichuan,ChIJE4v9FMlC1moRW6YQxOcagjU
3733676,MissChu,ChIJe_t_BYNC1moRnI3Q_Dah5O8
2658652,Spoonbill Restaurant and Bar,ChIJbbpoYYNC1moRYgyPOmY_Lcg
4471853,Chapelli's,ChIJF4Jdw4JC1moRM4fjlCi9Oxs
635984,Toorak,ChIJs1MxQJ5C1moR9n4MraERCWA
1064631,La Porchetta South Yarra,ChIJwzdCz51C1moRYqoaSuVsMyo
14154529,Matilda,ChIJt2_DU3dD1moRmyJ310Eupeg
4026596,Yoshi Japanese Restaurant,ChIJrwoEmINC1moRkJpeHmot4lU
23896196,Oushou Japanese Restauarant,ChIJP23uetVD1moRCDkMczDiaFY
13196451,South Yarra,ChIJA6ogHlRD1moRO02GmQBfwAA
10842264,Rock Sugar Melbourne,ChIJw2kzpyto1moRgnRlsM9wG_c
11832441,Abacus Bar & Kitchen,ChIJBQfqHSZo1moRIO1xCGLLEcU
12266538,Mai Jia,ChIJHWGUBYNC1moRtdi6fPmfVFs
11916570,Shadowboxer Bar & Kitchen,ChIJJTaspYNC1moR0c_HxSikmk0
5801506,Speakeasy Kitchen Bar,ChIJDdtKACZo1moRUF-scQD8kQE
9591194,48h Pizza e Gnocchi Bar South Yarra,ChIJ1VZeWylo1moRnvWbGg91Z0o
2012164,Versachis Pizza & Wine Bar,ChIJQUDpsZ1C1moRU2qFNE4dZ78
3651666,The Yarra Indian Restaurant,ChIJe4YrIZ1C1moRgWNJv1M4wy4
2658652,Spoonbill Restaurant and Bar,ChIJCYXsF6Bp1moRZHx4J6WPlUs
15439909,Hecho En Mexico South Yarra,ChIJfYTcEiho1moRquPvOLHoUhg
3184103,The Imperial South Yarra,ChIJ-9kBvIJC1moRSgjbhSU_eLk
20234750,OZZYTHAI LITE,ChIJfdMGT1xD1moRNkKCEce-q80
721711,Oriental Teahouse,ChIJY_Y6eiho1moRB0s9JERUDE0
2093053,Fratellino Pizzeria,ChIJ8cuP6Cto1moRNca653r6fkk
1079578,Bacash Restaurant,ChIJrVRewKFC1moRqurLpmm_Hy4
945182,Pacific Seafood BBQ House,ChIJfdJB1ZxC1moRL09Y_pAwjp8
13196451,South Yarra,ChIJ76m78IRC1moR7o1DnC0Eiuc
3377541,Cafe Republic,ChIJ8fI8qJ1C1moR3GTCl4EW2y4
13214087,Tao Dumplings,ChIJx26XbJ5C1moR6HqMxAK-5ts
13196451,South Yarra,ChIJk2vBp51C1moR_N_hADKPNCQ
8653215,Two Wrongs,ChIJG-XFUYNC1moR_1JQnQr2qns
7744765,A25 Pizzeria South Yarra,ChIJrXYP7oRC1moRKAtFEqBiyv8
11831374,Yoku Ono Ramen + Sake,ChIJWWvkgmhD1moRXp8v2DveBsY
13196451,South Yarra,ChIJj_7B0ChD1moR57xDowCOl7A
10466626,Atlas Dining,ChIJn9VyWUZD1moRfkrepYQ8OXU
6222854,Verve Spice,ChIJrUufwYNC1moRVKyp6OMEMUE
3861852,Spice Club Indian Brasserie,ChIJEw3GpINC1moRSIyOw1VxXfg
2060032,Hunky Dory,ChIJ47mcnIRC1moR8iwvQ9eznQY
23318864,Lona Misa,ChIJe_tJ-7VD1moRvLTT4yecfZw
807493,Kanpai Japanese Restuarant,ChIJx2vR3IJC1moReeGxCnG0bSQ
8863082,Leonards House Of Love,ChIJW-4rQCho1moRuSTwOobeODY
1100738,La Camera Restaurant Southgate,ChIJ9f7HQrJC1moRwo_U9X7VL-E
728785,The Deck Restaurant,ChIJgZOibbFC1moRsAR-TgIQ340
2559494,Left Bank Melbourne,ChIJFwC1lrJC1moRjtLuCpWlcF0
1010203,The Meat & Wine Co Southbank,ChIJjXmoUa1C1moRMhlWBIe9Jpg
10200811,Yassas - The Greek Way,ChIJcScB2rNC1moRZSBo-Wm8C-0
9581488,Teatro,ChIJ1zaYQrFC1moRYTQxlnRsC_0
12866890,Pure South Kitchen,ChIJq6r217NC1moRLKIcjBXmx5g
3674369,The Breslin Bar & Grill,ChIJ6eEhZa1C1moR4Ls34LGLXvE
23774552,Old Man Pho Southbank,ChIJfS2hGdpD1moR6PmNDzQdW4M
2060002,The Atlantic Restaurant,ChIJs-Q2IlNd1moRCKATMhnSiEc
722561,Bluetrain,ChIJiVdW17NC1moR-szxoi5qpgo
1918480,Spice Temple,ChIJwd0Cv1Jd1moRmT612H04gRc
729050,Tutto Bene,ChIJreaFNbJC1moRpXUSN5IQbmk
777277,Pure South Dining,ChIJBTyUPlpD1moRX_z9jQURl7A
6936645,Dee Casa,ChIJLYGSDq1C1moRjaITAwWr2f8
10670036,Criniti's Southbank,ChIJ0w7Po7JC1moRkfnUvgHePjQ
7721151,Soho Restaurant and Bar,ChIJ2d9nj7JC1moRvdqDm0DSNCQ
15068499,Asado,ChIJ4xaW-AJD1moR-4fAxvspuR0
725954,Jarrah Restaurant & Bar,ChIJJXFPe7FC1moR0iR-cRU7_F0
783642,Rockpool Bar & Grill,ChIJs-Q2IlNd1moRXYbJPnkbnjY
727213,Miyako Japanese Cuisine & Teppanyaki,ChIJ4QDlhK1C1moRHe7gAH08xSo
3619244,Rosetta,ChIJuf4fgVNd1moRCOxhBhnDtyM
726464,Koko Japanese Restaurant,ChIJs-Q2IlNd1moRcLgzy7bPCDQ
6885990,Ayam Chef,ChIJLVH3bKlC1moRx3TW_R-cYnw
722266,BearBrass,ChIJgZOibbFC1moRMjs9MlqIuIc
1226200,Bistro Guillaume,ChIJs-Q2IlNd1moRkCphqzaZs1Q
13973002,Thailander,ChIJdQILjrJC1moRkAesYODW0jk
6643538,Hophaus Bar,ChIJn6qqqq1C1moRI9ElnYJOHZ8
16652816,Waterfront Grill Southgate Melbourne,ChIJs-Q2IlNd1moRupUM9Le77E4
786674,Nobu Melbourne,ChIJs-Q2IlNd1moRSMORcPpPc54
7844745,Gradi Crown,ChIJuf4fgVNd1moRohOMs6SuXCY
1176042,Cervo,ChIJs-Q2IlNd1moRWMeetOC96a8
727891,Red Emperor Chinese Restaurant,ChIJgZOibbFC1moREGFW5OuNjPk
526956,Southbank,ChIJd4zT385d1moRRz55NO5nKSE
878050,Conservatory,ChIJs-Q2IlNd1moRGGzNOjgw9Hg
3825098,Man Tong Kitchen,ChIJG2V9klNd1moRPQYIb3q-5EQ
4192036,Blondie Bar,ChIJ4-k_G65C1moRX3g97je74tA
3294225,sho noodle bar,ChIJaThpTshC1moRHUu5_bXML2A
3447982,Sake Restaurant & Bar,ChIJNU4yR7FC1moRjYwkSIJQblo
25154761,Yarra Botanica,ChIJ36msuKFD1moRRp5EwQvZODQ
14932549,Infinite Wasabi,ChIJQX_3jbJC1moRwI-QdZK3f3g
1137940,Mesh - Crown Promenade,ChIJs-Q2IlNd1moRS42RKE6g7k8
2529864,Eureka 89,ChIJZ-xZZrJC1moRuDmVvlWC5fM
3188803,Waterfront,ChIJdyhPUdRD1moRGxyrOT-HpwA
1077929,Melba Restaurant,ChIJwzRFYrFC1moRS9bMVhBjVQE
942644,Il Bacaro Cucina e Bar,ChIJQW2PlVNd1moRGkH3j2SCNuU
726464,Koko Japanese Restaurant,ChIJRTgcUx5D1moR5EVYZhFZiE0
1077929,Melba Restaurant,ChIJreaFNbJC1moRqxx1nrTb6jc
24123929,Miss Pearl Bar + Dining,ChIJ4XiFZh9D1moRKHiz4fLLJ4Y
13413015,Roza's kitchen southbank,ChIJASyEGq1C1moRULayAWTRVHg
2637291,Hopscotch,ChIJA8Rg8bJC1moRmF1fVyw4iqg
2714775,The Merrywell Melbourne,ChIJI5Y3PVNd1moRCdX2GRbu8aQ
21004847,Pot au feu,ChIJQdoflvJD1moRWvpKUowF9J8
21387029,St Marks Road Co. Southbank,ChIJF8d3c0dD1moR7GhXbcv3078
9785078,Pho A Gogo,ChIJYdEPcFVd1moRv5JhpIooqr4
728319,Silks,ChIJs-Q2IlNd1moRoBwpphuZePA
17739042,Ging Thai,ChIJVVVVoVNd1moR6axK6ZfedDA
4785677,Soprano's Restaurant & Pizzeria,ChIJhcyLdrJC1moRJQGSvfkx5YY
2060002,The Atlantic Restaurant,ChIJhV6E4S9d1moRfTXwIh8mfL0
23158167,Farmer's Daughter,ChIJbVfLiJdD1moRk7I8Ws1zp7w
734777,Ibis Budget Melbourne CBD,ChIJeaP3ykpd1moRxSjfQX83Fk8
4890732,Bomba,ChIJ9yEuL8lC1moRpVtvu92LyWA
14082323,Sunda,ChIJCUeXS89C1moRd-pK5oFaiDE
6765132,Supernormal,ChIJNVF8Q7ZC1moRarO5qwt4NOA
734777,Ibis Budget Melbourne CBD,ChIJLWS2kQtD1moRwaUwL-jwBIs
19620026,Pepe's Italian & Liquor,ChIJi-1K17ND1moRZHS2QIzd3rg
9873628,Embla,ChIJZ9bEx8lC1moR7ahmGWF-7Pk
5102264,Taco Bill Russell Street,ChIJ11L1vslC1moRY2bUl0toqJ4
17739042,Ging Thai,ChIJie80ILRC1moR0BEKc9YQLWs
13133825,David’s Hotpot Restaurant,ChIJlwCLNTVd1moR9cBpIXkDe4M
757222,Vue De Monde,ChIJ4_Vc6dZC1moRlwIXnmb2SgA
3523745,Rare Steakhouse Downtown,ChIJd4Tekk1d1moRmWbT07fDU6c
12932984,Butchers Diner,ChIJVePWBsZC1moR67oZW_aUbmA
5308723,Cellar Bar,ChIJvVpIlchC1moRgfpgs41vZgA
23364608,Luci,ChIJHyzwEIBd1moRTS3vIrmp2ME
8645894,Dainty Sichuan,ChIJvbwma8lC1moRvfdamzBOvwg
5067789,Pier 35 Bar and Grill,ChIJOW1Z0XFn1moRy7J6Ku9EJR0
4786536,Sushi Sushi,ChIJ6VLRg65n1moRBGCCDXKApJ0
4791195,Sabre Cafe,ChIJ7YQ1h21n1moRISrYQm1opVU
26698886,Elma,ChIJT9wJyVhn1moRGkTa_n1fHPQ
9581521,Bonnie Coffee Co,ChIJKwRx3W1n1moRssWFI_NYy00
15361483,Punchbowl Canteen,ChIJFcCWo4pn1moRH71gqC4XaZ4
3343773,The Railway Club Hotel Steakhouse,ChIJky5gjJln1moRCQxD7r9Do6g
2483527,Kitchen Workshop,ChIJDTiXfyZn1moRliMyRRPg-zM
7314896,Minamishima,ChIJf_tmS4Nn1moRoOyR9hlKIq8
12413177,Yarraville Gardens,ChIJY8dVSqBn1moRi5lI-U-eenM
21049737,New Beach,ChIJkTWASqBn1moRh_z9WcT_wwk
2319703,Red Rooster,ChIJkRt3vp1n1moRzB5xK-IDAXY
6586270,Westgate Park,ChIJ6UhMB3Zn1moR2QzlbTQMo0w
23858960,Sushi Sushi Fisherman's Bend,ChIJS23Z8Gxn1moRC5bwgmgAkPA
13436999,Eleni's Kitchen + Bar,ChIJYWqrcv1n1moR-6m39IUUug4
4176680,BangPop,ChIJ3xtWEWhd1moRsNeW8ER5MGM
20117835,Four7Six Cafe,ChIJk44U_wuJ1moRQRFvee14p9U
17848207,Ink Hotel Melbourne Southbank,ChIJYRpif1ln1moRUwYd1N9_bmc
2423547,Third Wave Cafe,ChIJj-KYTKBn1moRQRxdZL42ncA
15212053,Subway,ChIJ1VNWXINn1moReREUuyRwegU
